Ordrenr.;t;Afsluttet ord.;Projektnr.;Navn;Kundeinfo;Prio.;Niveau;Varenummer;Navn;Startperiode;Afsluttet vare;Plan. antal;Rap. ant.;R;Status;Op.;Prod.grp.;Op. beskrivelse;Start;Afsluttet;Plan. antal;Rap. ant.;R;Plan. tid;Rap.tid;Rapp.nr.;oprettet
;;;;;;;;;;;;;;;;;;;;;;;;;;;
;;;;;;;;;;;;;;;;;;;;;;;;;;;
241941;09-12-2016;09-12-2016;;;Vikan A/S;9;0;241941;Indlæg i indsatse;09-12-2016;09-12-2016;1;; ;1;10;KF-01;Opstart, evt.konstruktion, møder mm;09-12-2016;09-12-2016;1;0; ;0;0;740;den første dag, ordren optræder
241941;09-12-2016;09-12-2016;;;Vikan A/S;9;0;241941;Indlæg i indsatse;09-12-2016;09-12-2016;1;; ;1;20;KF-02;Evt.opspændingdorne, save m.m;09-12-2016;09-12-2016;1;0; ;0;0;738;
241941;09-12-2016;09-12-2016;;;Vikan A/S;9;0;241941;Indlæg i indsatse;09-12-2016;09-12-2016;1;; ;1;30;KF-03;Programering (alt programmering);09-12-2016;09-12-2016;1;0; ;0;0;736;
241941;09-12-2016;09-12-2016;;;Vikan A/S;9;0;241941;Indlæg i indsatse;09-12-2016;09-12-2016;1;; ;1;40;KF-04;Opstilling og indkøring CNC maskine;09-12-2016;09-12-2016;1;0; ;0;0;734;
241941;09-12-2016;09-12-2016;;;Vikan A/S;9;0;241941;Indlæg i indsatse;09-12-2016;09-12-2016;1;; ;1;50;KF-05;Produktion - bemandet;09-12-2016;09-12-2016;1;0; ;0;0;732;
241941;09-12-2016;09-12-2016;;;Vikan A/S;9;0;241941;Indlæg i indsatse;09-12-2016;09-12-2016;1;; ;1;60;KF-06;Produktion - ubemandet CNC maskine;09-12-2016;09-12-2016;1;0; ;0;0;730;
241941;09-12-2016;09-12-2016;;;Vikan A/S;9;0;241941;Indlæg i indsatse;09-12-2016;09-12-2016;1;; ;1;70;KF-07;Opmålinger, slutkontrol, evt måling;09-12-2016;09-12-2016;1;0; ;0;0;728;
241941;09-12-2016;09-12-2016;;;Vikan A/S;9;0;241941;Indlæg i indsatse;09-12-2016;09-12-2016;1;; ;1;80;KF-08;Overarbejde (alt overtid);09-12-2016;09-12-2016;1;0; ;0;0;726;
241941;09-12-2016;09-12-2016;;;Vikan A/S;9;0;241941;Indlæg i indsatse;09-12-2016;09-12-2016;1;; ;1;90;KF-Ø;Interne fejl og efterjustering U/B;09-12-2016;09-12-2016;1;0; ;0;0;724;
242562;29-04-2016;29-04-2016;CARLO;123;Kunststof-kemi A/S;9;0;242562;Halvskål f. exstruder;29-04-2016;29-04-2016;4;; ;1;10;VFS-01;Projekt opstart og konstruktion;29-04-2016;29-04-2016;4;0; ;0;0;642;
242562;29-04-2016;29-04-2016;CARLO;123;Kunststof-kemi A/S;9;0;242562;Halvskål f. exstruder;29-04-2016;29-04-2016;4;; ;1;20;VFS-02;Programmer, fremstille i værksted ;29-04-2016;29-04-2016;4;0; ;0;0;640;
242562;29-04-2016;29-04-2016;CARLO;123;Kunststof-kemi A/S;9;0;242562;Halvskål f. exstruder;29-04-2016;29-04-2016;4;; ;1;30;VFS-03;Ubemandet maskintid;29-04-2016;29-04-2016;4;0; ;0;0;638;
242562;29-04-2016;29-04-2016;CARLO;123;Kunststof-kemi A/S;9;0;242562;Halvskål f. exstruder;29-04-2016;29-04-2016;4;; ;1;40;VFS-Ø;Interne fejl og efterjustering U/B;29-04-2016;29-04-2016;4;0; ;0;0;636;
242628;09-05-2016;09-05-2016;;;CeramicSpeed;9;0;CES0022;PW 1-11 titanium;09-05-2016;09-05-2016;150;; ;1;10;C01-1;Fremstilling og bearbejdning;09-05-2016;09-05-2016;150;0; ;0;0;478;
242628;09-05-2016;09-05-2016;;;CeramicSpeed;9;0;CES0022;PW 1-11 titanium;09-05-2016;09-05-2016;150;; ;1;20;C01-2;Ubemandet maskintid;09-05-2016;09-05-2016;150;0; ;0;0;476;
242628;09-05-2016;09-05-2016;;;CeramicSpeed;9;0;CES0022;PW 1-11 titanium;09-05-2016;09-05-2016;150;; ;1;30;C01-Ø;Q-kort, fejl og efterjusteringer;09-05-2016;09-05-2016;150;0; ;0;0;474;
242640;13-05-2016;15-05-2016;;;Vikan A/S;9;0;242640;V21570/21571 25cm indlæg utæt;13-05-2016;15-05-2016;1;; ;1;10;RSO-01;Projekt, konstruktion og opstart;13-05-2016;13-05-2016;1;0; ;0;0;722;
242640;13-05-2016;15-05-2016;;;Vikan A/S;9;0;242640;V21570/21571 25cm indlæg utæt;13-05-2016;15-05-2016;1;; ;1;20;RSO-02;CNC programmer (alt programmering);13-05-2016;13-05-2016;1;0; ;0;0;720;
242640;13-05-2016;15-05-2016;;;Vikan A/S;9;0;242640;V21570/21571 25cm indlæg utæt;13-05-2016;15-05-2016;1;; ;1;30;RSO-03;CNC maskine - fræse (bemandet);13-05-2016;13-05-2016;1;0; ;0;0;718;
242640;13-05-2016;15-05-2016;;;Vikan A/S;9;0;242640;V21570/21571 25cm indlæg utæt;13-05-2016;15-05-2016;1;; ;1;40;RSO-04;CNC maskine - dreje (bemandet);13-05-2016;13-05-2016;1;0; ;0;0;716;
242640;13-05-2016;15-05-2016;;;Vikan A/S;9;0;242640;V21570/21571 25cm indlæg utæt;13-05-2016;15-05-2016;1;; ;1;50;RSO-05;Elektrode og sænkgnist (bemandet);13-05-2016;13-05-2016;1;0; ;0;0;714;
242640;13-05-2016;15-05-2016;;;Vikan A/S;9;0;242640;V21570/21571 25cm indlæg utæt;13-05-2016;15-05-2016;1;; ;1;60;RSO-06;CNC maskine - Trådgnist (bemandet);13-05-2016;13-05-2016;1;0; ;0;0;712;
242640;13-05-2016;15-05-2016;;;Vikan A/S;9;0;242640;V21570/21571 25cm indlæg utæt;13-05-2016;15-05-2016;1;; ;1;70;RSO-07;Ubemandet maskintid (alle maskiner);13-05-2016;13-05-2016;1;0; ;0;0;710;
242640;13-05-2016;15-05-2016;;;Vikan A/S;9;0;242640;V21570/21571 25cm indlæg utæt;13-05-2016;15-05-2016;1;; ;1;80;RSO-08;Slibemaskiner, rund og planslibning;13-05-2016;13-05-2016;1;0; ;0;0;708;
242640;13-05-2016;15-05-2016;;;Vikan A/S;9;0;242640;V21570/21571 25cm indlæg utæt;13-05-2016;15-05-2016;1;; ;1;90;RSO-09;Diverse arbejde og manuelle maskine;13-05-2016;13-05-2016;1;0; ;0;0;706;
242640;13-05-2016;15-05-2016;;;Vikan A/S;9;0;242640;V21570/21571 25cm indlæg utæt;13-05-2016;15-05-2016;1;; ;1;100;RSO-10;Lasersvejsning og andet svejsning;13-05-2016;13-05-2016;1;0; ;0;0;704;
242640;13-05-2016;15-05-2016;;;Vikan A/S;9;0;242640;V21570/21571 25cm indlæg utæt;13-05-2016;15-05-2016;1;; ;1;110;RSO-11;Opmålinger i målerum;13-05-2016;13-05-2016;1;0; ;0;0;702;
242640;13-05-2016;15-05-2016;;;Vikan A/S;9;0;242640;V21570/21571 25cm indlæg utæt;13-05-2016;15-05-2016;1;; ;1;120;RSO-12;Afmontering, tilpasning og samle;13-05-2016;13-05-2016;1;0; ;0;0;700;
242640;13-05-2016;15-05-2016;;;Vikan A/S;9;0;242640;V21570/21571 25cm indlæg utæt;13-05-2016;15-05-2016;1;; ;1;130;RSO-13;Overarbejde (alt overarbejde);13-05-2016;13-05-2016;1;0; ;0;0;698;
242640;13-05-2016;15-05-2016;;;Vikan A/S;9;0;242640;V21570/21571 25cm indlæg utæt;13-05-2016;15-05-2016;1;; ;1;140;RSO-14;Arbejde vedr. støbning;13-05-2016;13-05-2016;1;0; ;0;0;696;
242640;13-05-2016;15-05-2016;;;Vikan A/S;9;0;242640;V21570/21571 25cm indlæg utæt;13-05-2016;15-05-2016;1;; ;1;150;RSO-Ø;Interne fejl og efterjustering U/B;13-05-2016;15-05-2016;1;0; ;0;0;694;
242669;29-04-2016;29-04-2016;;;Grundfos  A/S;9;0;US.511586;US.511586;29-04-2016;29-04-2016;1;; ;1;10;SVH-01;Afmontering, montering ect.;29-04-2016;29-04-2016;1;0; ;0;0;546;
242669;29-04-2016;29-04-2016;;;Grundfos  A/S;9;0;US.511586;US.511586;29-04-2016;29-04-2016;1;; ;1;20;SVH-02;Slibning, renovering af dele;29-04-2016;29-04-2016;1;0; ;0;0;544;
242669;29-04-2016;29-04-2016;;;Grundfos  A/S;9;0;US.511586;US.511586;29-04-2016;29-04-2016;1;; ;1;30;SVH-Ø;Interne fejl og efterjustering U/B;29-04-2016;29-04-2016;1;0; ;0;0;542;
242669;29-04-2016;29-04-2016;;;Grundfos  A/S;9;0;US.511586;US.511586;29-04-2016;29-04-2016;1;; ;1;40;USVH-03;Job og opgaver uden for SVH;29-04-2016;29-04-2016;1;0; ;0;0;540;
242670;29-04-2016;29-04-2016;;;Kunststof-kemi A/S;9;0;242670;Extruder sæt;29-04-2016;29-04-2016;1;; ;1;10;VFS-01;Projekt opstart og konstruktion;29-04-2016;29-04-2016;1;0; ;0;0;668;
242670;29-04-2016;29-04-2016;;;Kunststof-kemi A/S;9;0;242670;Extruder sæt;29-04-2016;29-04-2016;1;; ;1;20;VFS-02;Programmer, fremstille i værksted ;29-04-2016;29-04-2016;1;0; ;0;0;666;
242670;29-04-2016;29-04-2016;;;Kunststof-kemi A/S;9;0;242670;Extruder sæt;29-04-2016;29-04-2016;1;; ;1;30;VFS-03;Ubemandet maskintid;29-04-2016;29-04-2016;1;0; ;0;0;664;
242670;29-04-2016;29-04-2016;;;Kunststof-kemi A/S;9;0;242670;Extruder sæt;29-04-2016;29-04-2016;1;; ;1;40;VFS-Ø;Interne fejl og efterjustering U/B;29-04-2016;29-04-2016;1;0; ;0;0;662;
242679;01-06-2016;01-06-2016;;;Grundfos  A/S;9;0;BD0001020102003;WBS-element: BD.000102.01.02.003;01-06-2016;01-06-2016;20000;; ;1;10;G01-1;Fremstilling og bearbejdning;01-06-2016;01-06-2016;20000;0; ;0;0;210;
242679;01-06-2016;01-06-2016;;;Grundfos  A/S;9;0;BD0001020102003;WBS-element: BD.000102.01.02.003;01-06-2016;01-06-2016;20000;; ;1;20;G01-2;Ubemandet maskintid;01-06-2016;01-06-2016;20000;0; ;0;0;208;
242679;01-06-2016;01-06-2016;;;Grundfos  A/S;9;0;BD0001020102003;WBS-element: BD.000102.01.02.003;01-06-2016;01-06-2016;20000;; ;1;30;G01-Ø;Interne fejl og efterjustering U/B;01-06-2016;01-06-2016;20000;0; ;0;0;206;
242680;04-05-2016;04-05-2016;;;GloVac ApS;9;0;TV242680;Nyfremstilling af Ring for handske;04-05-2016;04-05-2016;1;; ;1;10;VFA-01;Projekt opstart og konstruktion;04-05-2016;04-05-2016;1;0; ;0;0;590;
242680;04-05-2016;04-05-2016;;;GloVac ApS;9;0;TV242680;Nyfremstilling af Ring for handske;04-05-2016;04-05-2016;1;; ;1;20;VFA-02;Konstruktion, fremstilling og støbe;04-05-2016;04-05-2016;1;0; ;0;0;588;
242680;04-05-2016;04-05-2016;;;GloVac ApS;9;0;TV242680;Nyfremstilling af Ring for handske;04-05-2016;04-05-2016;1;; ;1;30;VFA-03;Ubemandet maskintid;04-05-2016;04-05-2016;1;0; ;0;0;586;
242680;04-05-2016;04-05-2016;;;GloVac ApS;9;0;TV242680;Nyfremstilling af Ring for handske;04-05-2016;04-05-2016;1;; ;1;40;VFA-Ø;Interne fejl og efterjustering U/B;04-05-2016;04-05-2016;1;0; ;0;0;584;
242682;04-05-2016;04-05-2016;;;GloVac ApS;9;0;TV242682;Nyfremstilling af Valve;04-05-2016;04-05-2016;1;; ;1;10;VFA-01;Projekt opstart og konstruktion;04-05-2016;04-05-2016;1;0; ;0;0;598;
242682;04-05-2016;04-05-2016;;;GloVac ApS;9;0;TV242682;Nyfremstilling af Valve;04-05-2016;04-05-2016;1;; ;1;20;VFA-02;Konstruktion, fremstilling og støbe;04-05-2016;04-05-2016;1;0; ;0;0;596;
242682;04-05-2016;04-05-2016;;;GloVac ApS;9;0;TV242682;Nyfremstilling af Valve;04-05-2016;04-05-2016;1;; ;1;30;VFA-03;Ubemandet maskintid;04-05-2016;04-05-2016;1;0; ;0;0;594;
242682;04-05-2016;04-05-2016;;;GloVac ApS;9;0;TV242682;Nyfremstilling af Valve;04-05-2016;04-05-2016;1;; ;1;40;VFA-Ø;Interne fejl og efterjustering U/B;04-05-2016;04-05-2016;1;0; ;0;0;592;
242684;28-04-2016;28-04-2016;;;Grundfos  A/S;9;0;70047319;Ændring af 70047319 ved service;28-04-2016;28-04-2016;1;; ;1;10;SVH-01;Afmontering, montering ect.;28-04-2016;28-04-2016;1;0; ;0;0;538;
242684;28-04-2016;28-04-2016;;;Grundfos  A/S;9;0;70047319;Ændring af 70047319 ved service;28-04-2016;28-04-2016;1;; ;1;20;SVH-02;Slibning, renovering af dele;28-04-2016;28-04-2016;1;0; ;0;0;536;
242684;28-04-2016;28-04-2016;;;Grundfos  A/S;9;0;70047319;Ændring af 70047319 ved service;28-04-2016;28-04-2016;1;; ;1;30;SVH-Ø;Interne fejl og efterjustering U/B;28-04-2016;28-04-2016;1;0; ;0;0;534;
242684;28-04-2016;28-04-2016;;;Grundfos  A/S;9;0;70047319;Ændring af 70047319 ved service;28-04-2016;28-04-2016;1;; ;1;40;USVH-03;Job og opgaver uden for SVH;28-04-2016;28-04-2016;1;0; ;0;0;532;
242698;09-05-2016;09-05-2016;;;Kunststof-kemi A/S;9;0;242698;Komplet knivholder, belagte m.m;09-05-2016;09-05-2016;10;; ;1;10;KF-01;Opstart, evt.konstruktion, møder mm;09-05-2016;09-05-2016;10;0; ;0;0;634;
242698;09-05-2016;09-05-2016;;;Kunststof-kemi A/S;9;0;242698;Komplet knivholder, belagte m.m;09-05-2016;09-05-2016;10;; ;1;20;KF-02;Evt.opspændingdorne, save m.m;09-05-2016;09-05-2016;10;0; ;0;0;632;
242698;09-05-2016;09-05-2016;;;Kunststof-kemi A/S;9;0;242698;Komplet knivholder, belagte m.m;09-05-2016;09-05-2016;10;; ;1;30;KF-03;Programering (alt programmering);09-05-2016;09-05-2016;10;0; ;0;0;630;
242698;09-05-2016;09-05-2016;;;Kunststof-kemi A/S;9;0;242698;Komplet knivholder, belagte m.m;09-05-2016;09-05-2016;10;; ;1;40;KF-04;Opstilling og indkøring CNC maskine;09-05-2016;09-05-2016;10;0; ;0;0;628;
242698;09-05-2016;09-05-2016;;;Kunststof-kemi A/S;9;0;242698;Komplet knivholder, belagte m.m;09-05-2016;09-05-2016;10;; ;1;50;KF-05;Produktion - bemandet;09-05-2016;09-05-2016;10;0; ;0;0;626;
242698;09-05-2016;09-05-2016;;;Kunststof-kemi A/S;9;0;242698;Komplet knivholder, belagte m.m;09-05-2016;09-05-2016;10;; ;1;60;KF-06;Produktion - ubemandet CNC maskine;09-05-2016;09-05-2016;10;0; ;0;0;624;
242698;09-05-2016;09-05-2016;;;Kunststof-kemi A/S;9;0;242698;Komplet knivholder, belagte m.m;09-05-2016;09-05-2016;10;; ;1;70;KF-07;Opmålinger, slutkontrol, evt måling;09-05-2016;09-05-2016;10;0; ;0;0;622;
242698;09-05-2016;09-05-2016;;;Kunststof-kemi A/S;9;0;242698;Komplet knivholder, belagte m.m;09-05-2016;09-05-2016;10;; ;1;80;KF-08;Overarbejde (alt overtid);09-05-2016;09-05-2016;10;0; ;0;0;620;
242698;09-05-2016;09-05-2016;;;Kunststof-kemi A/S;9;0;242698;Komplet knivholder, belagte m.m;09-05-2016;09-05-2016;10;; ;1;90;KF-Ø;Interne fejl og efterjustering U/B;09-05-2016;09-05-2016;10;0; ;0;0;618;
242723;31-05-2016;31-05-2016;;;CMS Dental ApS;9;0;242723;Nyt design på håndtag;31-05-2016;31-05-2016;3;; ;1;10;VFA-01;Projekt opstart og konstruktion;31-05-2016;31-05-2016;3;0; ;0;0;554;
242723;31-05-2016;31-05-2016;;;CMS Dental ApS;9;0;242723;Nyt design på håndtag;31-05-2016;31-05-2016;3;; ;1;20;VFA-02;Konstruktion, fremstilling og støbe;31-05-2016;31-05-2016;3;0; ;0;0;552;
242723;31-05-2016;31-05-2016;;;CMS Dental ApS;9;0;242723;Nyt design på håndtag;31-05-2016;31-05-2016;3;; ;1;30;VFA-03;Ubemandet maskintid;31-05-2016;31-05-2016;3;0; ;0;0;550;
242723;31-05-2016;31-05-2016;;;CMS Dental ApS;9;0;242723;Nyt design på håndtag;31-05-2016;31-05-2016;3;; ;1;40;VFA-Ø;Interne fejl og efterjustering U/B;31-05-2016;31-05-2016;3;0; ;0;0;548;
242727;19-05-2016;19-05-2016;;;Outrup Vinduer A/S;9;0;TV242727;15 MM clips;19-05-2016;19-05-2016;1;; ;1;10;VFS-01;Projekt opstart og konstruktion;19-05-2016;19-05-2016;1;0; ;0;0;692;
242727;19-05-2016;19-05-2016;;;Outrup Vinduer A/S;9;0;TV242727;15 MM clips;19-05-2016;19-05-2016;1;; ;1;20;VFS-02;Programmer, fremstille i værksted ;19-05-2016;19-05-2016;1;0; ;0;0;690;
242727;19-05-2016;19-05-2016;;;Outrup Vinduer A/S;9;0;TV242727;15 MM clips;19-05-2016;19-05-2016;1;; ;1;30;VFS-03;Ubemandet maskintid;19-05-2016;19-05-2016;1;0; ;0;0;688;
242727;19-05-2016;19-05-2016;;;Outrup Vinduer A/S;9;0;TV242727;15 MM clips;19-05-2016;19-05-2016;1;; ;1;40;VFS-Ø;Interne fejl og efterjustering U/B;19-05-2016;19-05-2016;1;0; ;0;0;686;
242735-1;22-04-2016;22-04-2016;;;Grundfos  A/S;9;0;US.511356;US.511356;22-04-2016;22-04-2016;1;; ;1;10;SVH-01;Afmontering, montering ect.;22-04-2016;22-04-2016;1;0; ;0;0;506;
242735-1;22-04-2016;22-04-2016;;;Grundfos  A/S;9;0;US.511356;US.511356;22-04-2016;22-04-2016;1;; ;1;20;SVH-02;Slibning, renovering af dele;22-04-2016;22-04-2016;1;0; ;0;0;504;
242735-1;22-04-2016;22-04-2016;;;Grundfos  A/S;9;0;US.511356;US.511356;22-04-2016;22-04-2016;1;; ;1;30;SVH-Ø;Interne fejl og efterjustering U/B;22-04-2016;22-04-2016;1;0; ;0;0;502;
242735-1;22-04-2016;22-04-2016;;;Grundfos  A/S;9;0;US.511356;US.511356;22-04-2016;22-04-2016;1;; ;1;40;USVH-03;Job og opgaver uden for SVH;22-04-2016;22-04-2016;1;0; ;0;0;500;
242735-2;06-05-2016;06-05-2016;;;Grundfos  A/S;9;0;US.544482;US.544482;06-05-2016;06-05-2016;1;; ;1;10;SVH-01;Afmontering, montering ect.;06-05-2016;06-05-2016;1;0; ;0;0;514;
242735-2;06-05-2016;06-05-2016;;;Grundfos  A/S;9;0;US.544482;US.544482;06-05-2016;06-05-2016;1;; ;1;20;SVH-02;Slibning, renovering af dele;06-05-2016;06-05-2016;1;0; ;0;0;512;
242735-2;06-05-2016;06-05-2016;;;Grundfos  A/S;9;0;US.544482;US.544482;06-05-2016;06-05-2016;1;; ;1;30;SVH-Ø;Interne fejl og efterjustering U/B;06-05-2016;06-05-2016;1;0; ;0;0;510;
242735-2;06-05-2016;06-05-2016;;;Grundfos  A/S;9;0;US.544482;US.544482;06-05-2016;06-05-2016;1;; ;1;40;USVH-03;Job og opgaver uden for SVH;06-05-2016;06-05-2016;1;0; ;0;0;508;
242735-3;27-05-2016;27-05-2016;;;Grundfos  A/S;9;0;US.266959;US.266959;27-05-2016;27-05-2016;1;; ;1;10;SVH-01;Afmontering, montering ect.;27-05-2016;27-05-2016;1;0; ;0;0;522;
242735-3;27-05-2016;27-05-2016;;;Grundfos  A/S;9;0;US.266959;US.266959;27-05-2016;27-05-2016;1;; ;1;20;SVH-02;Slibning, renovering af dele;27-05-2016;27-05-2016;1;0; ;0;0;520;
242735-3;27-05-2016;27-05-2016;;;Grundfos  A/S;9;0;US.266959;US.266959;27-05-2016;27-05-2016;1;; ;1;30;SVH-Ø;Interne fejl og efterjustering U/B;27-05-2016;27-05-2016;1;0; ;0;0;518;
242735-3;27-05-2016;27-05-2016;;;Grundfos  A/S;9;0;US.266959;US.266959;27-05-2016;27-05-2016;1;; ;1;40;USVH-03;Job og opgaver uden for SVH;27-05-2016;27-05-2016;1;0; ;0;0;516;
242735-4;31-05-2016;31-05-2016;;;Grundfos  A/S;9;0;US.291723;US.291723;31-05-2016;31-05-2016;1;; ;1;10;SVH-01;Afmontering, montering ect.;31-05-2016;31-05-2016;1;0; ;0;0;530;
242735-4;31-05-2016;31-05-2016;;;Grundfos  A/S;9;0;US.291723;US.291723;31-05-2016;31-05-2016;1;; ;1;20;SVH-02;Slibning, renovering af dele;31-05-2016;31-05-2016;1;0; ;0;0;528;
242735-4;31-05-2016;31-05-2016;;;Grundfos  A/S;9;0;US.291723;US.291723;31-05-2016;31-05-2016;1;; ;1;30;SVH-Ø;Interne fejl og efterjustering U/B;31-05-2016;31-05-2016;1;0; ;0;0;526;
242735-4;31-05-2016;31-05-2016;;;Grundfos  A/S;9;0;US.291723;US.291723;31-05-2016;31-05-2016;1;; ;1;40;USVH-03;Job og opgaver uden for SVH;31-05-2016;31-05-2016;1;0; ;0;0;524;
242745;01-06-2016;01-06-2016;;;Grundfos  A/S;9;0;V70065975;V70065975;01-06-2016;01-06-2016;1;; ;1;10;G01-1;Fremstilling og bearbejdning;01-06-2016;01-06-2016;1;0; ;0;0;168;
242745;01-06-2016;01-06-2016;;;Grundfos  A/S;9;0;V70065975;V70065975;01-06-2016;01-06-2016;1;; ;1;20;G01-2;Ubemandet maskintid;01-06-2016;01-06-2016;1;0; ;0;0;166;
242745;01-06-2016;01-06-2016;;;Grundfos  A/S;9;0;V70065975;V70065975;01-06-2016;01-06-2016;1;; ;1;30;G01-Ø;Interne fejl og efterjustering U/B;01-06-2016;01-06-2016;1;0; ;0;0;164;
242757-1;12-05-2016;12-05-2016;;;Bila A/S;9;0;10000011;0130530-99-4205;12-05-2016;12-05-2016;1;; ;1;10;B01-1;Arbejde;12-05-2016;12-05-2016;1;0; ;0;0;296;
242757-1;12-05-2016;12-05-2016;;;Bila A/S;9;0;10000011;0130530-99-4205;12-05-2016;12-05-2016;1;; ;1;20;B01-Ø;Interne fejl og efterjustering U/B;12-05-2016;12-05-2016;1;0; ;0;0;294;
242757-2;12-05-2016;12-05-2016;;;Bila A/S;9;0;10000009;0130530-99-4142;12-05-2016;12-05-2016;1;; ;1;10;B01-1;Arbejde;12-05-2016;12-05-2016;1;0; ;0;0;300;
242757-2;12-05-2016;12-05-2016;;;Bila A/S;9;0;10000009;0130530-99-4142;12-05-2016;12-05-2016;1;; ;1;20;B01-Ø;Interne fejl og efterjustering U/B;12-05-2016;12-05-2016;1;0; ;0;0;298;
242757-3;12-05-2016;12-05-2016;;;Bila A/S;9;0;10000010;0130530-99-4201;12-05-2016;12-05-2016;1;; ;1;10;B01-1;Arbejde;12-05-2016;12-05-2016;1;0; ;0;0;304;
242757-3;12-05-2016;12-05-2016;;;Bila A/S;9;0;10000010;0130530-99-4201;12-05-2016;12-05-2016;1;; ;1;20;B01-Ø;Interne fejl og efterjustering U/B;12-05-2016;12-05-2016;1;0; ;0;0;302;
242759;18-05-2016;18-05-2016;;;Grundfos  A/S;9;0;V70074486;V70074486;18-05-2016;18-05-2016;5;; ;1;10;G01-1;Fremstilling og bearbejdning;18-05-2016;18-05-2016;5;0; ;0;0;162;
242759;18-05-2016;18-05-2016;;;Grundfos  A/S;9;0;V70074486;V70074486;18-05-2016;18-05-2016;5;; ;1;20;G01-2;Ubemandet maskintid;18-05-2016;18-05-2016;5;0; ;0;0;160;
242759;18-05-2016;18-05-2016;;;Grundfos  A/S;9;0;V70074486;V70074486;18-05-2016;18-05-2016;5;; ;1;30;G01-Ø;Interne fejl og efterjustering U/B;18-05-2016;18-05-2016;5;0; ;0;0;158;
242762;27-05-2016;27-05-2016;;;CeramicSpeed;9;0;242762;DV SRAM Cages;27-05-2016;27-05-2016;1;; ;1;10;C01-1;Fremstilling og bearbejdning;27-05-2016;27-05-2016;1;0; ;0;0;574;
242762;27-05-2016;27-05-2016;;;CeramicSpeed;9;0;242762;DV SRAM Cages;27-05-2016;27-05-2016;1;; ;1;20;C01-2;Ubemandet maskintid;27-05-2016;27-05-2016;1;0; ;0;0;572;
242762;27-05-2016;27-05-2016;;;CeramicSpeed;9;0;242762;DV SRAM Cages;27-05-2016;27-05-2016;1;; ;1;30;C01-Ø;Q-kort, fejl og efterjusteringer;27-05-2016;27-05-2016;1;0; ;0;0;570;
242766-1;23-05-2016;23-05-2016;;;Grundfos  A/S;9;0;V70093400;V70093400;23-05-2016;23-05-2016;1;; ;1;10;G01-1;Fremstilling og bearbejdning;23-05-2016;23-05-2016;1;0; ;0;0;138;
242766-1;23-05-2016;23-05-2016;;;Grundfos  A/S;9;0;V70093400;V70093400;23-05-2016;23-05-2016;1;; ;1;20;G01-2;Ubemandet maskintid;23-05-2016;23-05-2016;1;0; ;0;0;136;
242766-1;23-05-2016;23-05-2016;;;Grundfos  A/S;9;0;V70093400;V70093400;23-05-2016;23-05-2016;1;; ;1;30;G01-Ø;Interne fejl og efterjustering U/B;23-05-2016;23-05-2016;1;0; ;0;0;134;
242768;02-06-2016;02-06-2016;;;Kunststof-kemi A/S;9;0;TV242768 /8223;MAXI - Prinsesse;02-06-2016;02-06-2016;3;; ;1;10;VFS-01;Projekt opstart og konstruktion;02-06-2016;02-06-2016;3;0; ;0;0;676;
242768;02-06-2016;02-06-2016;;;Kunststof-kemi A/S;9;0;TV242768 /8223;MAXI - Prinsesse;02-06-2016;02-06-2016;3;; ;1;20;VFS-02;Programmer, fremstille i værksted ;02-06-2016;02-06-2016;3;0; ;0;0;674;
242768;02-06-2016;02-06-2016;;;Kunststof-kemi A/S;9;0;TV242768 /8223;MAXI - Prinsesse;02-06-2016;02-06-2016;3;; ;1;30;VFS-03;Ubemandet maskintid;02-06-2016;02-06-2016;3;0; ;0;0;672;
242768;02-06-2016;02-06-2016;;;Kunststof-kemi A/S;9;0;TV242768 /8223;MAXI - Prinsesse;02-06-2016;02-06-2016;3;; ;1;40;VFS-Ø;Interne fejl og efterjustering U/B;02-06-2016;02-06-2016;3;0; ;0;0;670;
242769;16-05-2016;16-05-2016;;;Grundfos  A/S;9;0;US.511584;Service af us.511584;16-05-2016;16-05-2016;1;; ;1;10;SVH-01;Afmontering, montering ect.;16-05-2016;16-05-2016;1;0; ;0;0;498;
242769;16-05-2016;16-05-2016;;;Grundfos  A/S;9;0;US.511584;Service af us.511584;16-05-2016;16-05-2016;1;; ;1;20;SVH-02;Slibning, renovering af dele;16-05-2016;16-05-2016;1;0; ;0;0;496;
242769;16-05-2016;16-05-2016;;;Grundfos  A/S;9;0;US.511584;Service af us.511584;16-05-2016;16-05-2016;1;; ;1;30;SVH-Ø;Interne fejl og efterjustering U/B;16-05-2016;16-05-2016;1;0; ;0;0;494;
242769;16-05-2016;16-05-2016;;;Grundfos  A/S;9;0;US.511584;Service af us.511584;16-05-2016;16-05-2016;1;; ;1;40;USVH-03;Job og opgaver uden for SVH;16-05-2016;16-05-2016;1;0; ;0;0;492;
242770;07-06-2016;07-06-2016;;;Grundfos  A/S;9;0;V7145438;Løfteklo CR2-4;07-06-2016;07-06-2016;50;; ;1;10;G01-1;Fremstilling og bearbejdning;07-06-2016;07-06-2016;50;0; ;0;0;126;
242770;07-06-2016;07-06-2016;;;Grundfos  A/S;9;0;V7145438;Løfteklo CR2-4;07-06-2016;07-06-2016;50;; ;1;20;G01-2;Ubemandet maskintid;07-06-2016;07-06-2016;50;0; ;0;0;124;
242770;07-06-2016;07-06-2016;;;Grundfos  A/S;9;0;V7145438;Løfteklo CR2-4;07-06-2016;07-06-2016;50;; ;1;30;G01-Ø;Interne fejl og efterjustering U/B;07-06-2016;07-06-2016;50;0; ;0;0;122;
242771-4;13-05-2016;13-05-2016;;;Grundfos  A/S;9;0;V7208698;V7208698;13-05-2016;13-05-2016;2;; ;1;20;G01-2;Ubemandet maskintid;13-05-2016;13-05-2016;2;0; ;0;0;118;
242771-4;13-05-2016;13-05-2016;;;Grundfos  A/S;9;0;V7208698;V7208698;13-05-2016;13-05-2016;2;; ;1;30;G01-Ø;Interne fejl og efterjustering U/B;13-05-2016;13-05-2016;2;0; ;0;0;116;
242772;13-06-2016;13-06-2016;;;Grundfos  A/S;9;0;V7145438;Løfteklo CR2-4;13-06-2016;13-06-2016;24;; ;1;10;G01-1;Fremstilling og bearbejdning;13-06-2016;13-06-2016;24;0; ;0;0;96;
242772;13-06-2016;13-06-2016;;;Grundfos  A/S;9;0;V7145438;Løfteklo CR2-4;13-06-2016;13-06-2016;24;; ;1;20;G01-2;Ubemandet maskintid;13-06-2016;13-06-2016;24;0; ;0;0;94;
242772;13-06-2016;13-06-2016;;;Grundfos  A/S;9;0;V7145438;Løfteklo CR2-4;13-06-2016;13-06-2016;24;; ;1;30;G01-Ø;Interne fejl og efterjustering U/B;13-06-2016;13-06-2016;24;0; ;0;0;92;
242775;10-05-2016;10-05-2016;;;Grundfos  A/S;9;0;US.273936;US.273936;10-05-2016;10-05-2016;1;; ;1;10;SVH-01;Afmontering, montering ect.;10-05-2016;10-05-2016;1;0; ;0;0;582;
242775;10-05-2016;10-05-2016;;;Grundfos  A/S;9;0;US.273936;US.273936;10-05-2016;10-05-2016;1;; ;1;20;SVH-02;Slibning, renovering af dele;10-05-2016;10-05-2016;1;0; ;0;0;580;
242775;10-05-2016;10-05-2016;;;Grundfos  A/S;9;0;US.273936;US.273936;10-05-2016;10-05-2016;1;; ;1;30;SVH-Ø;Interne fejl og efterjustering U/B;10-05-2016;10-05-2016;1;0; ;0;0;578;
242775;10-05-2016;10-05-2016;;;Grundfos  A/S;9;0;US.273936;US.273936;10-05-2016;10-05-2016;1;; ;1;40;USVH-03;Job og opgaver uden for SVH;10-05-2016;10-05-2016;1;0; ;0;0;576;
242776;10-05-2016;10-05-2016;;;Grundfos  A/S;9;0;RSO;Renovering og service opgaver;10-05-2016;10-05-2016;1;; ;1;10;RSO-01;Projekt, konstruktion og opstart;10-05-2016;10-05-2016;1;0; ;0;0;774;
242776;10-05-2016;10-05-2016;;;Grundfos  A/S;9;0;RSO;Renovering og service opgaver;10-05-2016;10-05-2016;1;; ;1;20;RSO-02;CNC programmer (alt programmering);10-05-2016;10-05-2016;1;0; ;0;0;772;
242776;10-05-2016;10-05-2016;;;Grundfos  A/S;9;0;RSO;Renovering og service opgaver;10-05-2016;10-05-2016;1;; ;1;30;RSO-03;CNC maskine - fræse (bemandet);10-05-2016;10-05-2016;1;0; ;0;0;770;
242776;10-05-2016;10-05-2016;;;Grundfos  A/S;9;0;RSO;Renovering og service opgaver;10-05-2016;10-05-2016;1;; ;1;40;RSO-04;CNC maskine - dreje (bemandet);10-05-2016;10-05-2016;1;0; ;0;0;768;
242776;10-05-2016;10-05-2016;;;Grundfos  A/S;9;0;RSO;Renovering og service opgaver;10-05-2016;10-05-2016;1;; ;1;50;RSO-05;Elektrode og sænkgnist (bemandet);10-05-2016;10-05-2016;1;0; ;0;0;766;
242776;10-05-2016;10-05-2016;;;Grundfos  A/S;9;0;RSO;Renovering og service opgaver;10-05-2016;10-05-2016;1;; ;1;60;RSO-06;CNC maskine - Trådgnist (bemandet);10-05-2016;10-05-2016;1;0; ;0;0;764;
242776;10-05-2016;10-05-2016;;;Grundfos  A/S;9;0;RSO;Renovering og service opgaver;10-05-2016;10-05-2016;1;; ;1;70;RSO-07;Ubemandet maskintid (alle maskiner);10-05-2016;10-05-2016;1;0; ;0;0;762;
242776;10-05-2016;10-05-2016;;;Grundfos  A/S;9;0;RSO;Renovering og service opgaver;10-05-2016;10-05-2016;1;; ;1;80;RSO-08;Slibemaskiner, rund og planslibning;10-05-2016;10-05-2016;1;0; ;0;0;760;
242776;10-05-2016;10-05-2016;;;Grundfos  A/S;9;0;RSO;Renovering og service opgaver;10-05-2016;10-05-2016;1;; ;1;90;RSO-09;Diverse arbejde og manuelle maskine;10-05-2016;10-05-2016;1;0; ;0;0;758;
242776;10-05-2016;10-05-2016;;;Grundfos  A/S;9;0;RSO;Renovering og service opgaver;10-05-2016;10-05-2016;1;; ;1;100;RSO-10;Lasersvejsning og andet svejsning;10-05-2016;10-05-2016;1;0; ;0;0;756;
242776;10-05-2016;10-05-2016;;;Grundfos  A/S;9;0;RSO;Renovering og service opgaver;10-05-2016;10-05-2016;1;; ;1;110;RSO-11;Opmålinger i målerum;10-05-2016;10-05-2016;1;0; ;0;0;754;
242776;10-05-2016;10-05-2016;;;Grundfos  A/S;9;0;RSO;Renovering og service opgaver;10-05-2016;10-05-2016;1;; ;1;120;RSO-12;Afmontering, tilpasning og samle;10-05-2016;10-05-2016;1;0; ;0;0;752;
242776;10-05-2016;10-05-2016;;;Grundfos  A/S;9;0;RSO;Renovering og service opgaver;10-05-2016;10-05-2016;1;; ;1;130;RSO-13;Overarbejde (alt overarbejde);10-05-2016;10-05-2016;1;0; ;0;0;750;
242776;10-05-2016;10-05-2016;;;Grundfos  A/S;9;0;RSO;Renovering og service opgaver;10-05-2016;10-05-2016;1;; ;1;140;RSO-14;Arbejde vedr. støbning;10-05-2016;10-05-2016;1;0; ;0;0;748;
242776;10-05-2016;10-05-2016;;;Grundfos  A/S;9;0;RSO;Renovering og service opgaver;10-05-2016;10-05-2016;1;; ;1;150;RSO-Ø;Interne fejl og efterjustering U/B;10-05-2016;10-05-2016;1;0; ;0;0;746;
242777;19-05-2016;19-05-2016;;;Bila A/S;9;0;X0012193_B;X0012193_B;19-05-2016;19-05-2016;8;; ;1;10;B01-1;Arbejde;19-05-2016;19-05-2016;8;0; ;0;0;744;
242777;19-05-2016;19-05-2016;;;Bila A/S;9;0;X0012193_B;X0012193_B;19-05-2016;19-05-2016;8;; ;1;20;B01-Ø;Interne fejl og efterjustering U/B;19-05-2016;19-05-2016;8;0; ;0;0;742;
242778-1;17-05-2016;17-05-2016;;;Grundfos  A/S;9;0;V70213523;Upper die;17-05-2016;17-05-2016;1;; ;1;10;G01-1;Fremstilling og bearbejdning;17-05-2016;17-05-2016;1;0; ;0;0;780;
242778-1;17-05-2016;17-05-2016;;;Grundfos  A/S;9;0;V70213523;Upper die;17-05-2016;17-05-2016;1;; ;1;20;G01-2;Ubemandet maskintid;17-05-2016;17-05-2016;1;0; ;0;0;778;
242778-1;17-05-2016;17-05-2016;;;Grundfos  A/S;9;0;V70213523;Upper die;17-05-2016;17-05-2016;1;; ;1;30;G01-Ø;Interne fejl og efterjustering U/B;17-05-2016;17-05-2016;1;0; ;0;0;776;
242778-2;17-05-2016;17-05-2016;;;Grundfos  A/S;9;0;V70213032;Lower punch;17-05-2016;17-05-2016;1;; ;1;10;G01-1;Fremstilling og bearbejdning;17-05-2016;17-05-2016;1;0; ;0;0;786;
242778-2;17-05-2016;17-05-2016;;;Grundfos  A/S;9;0;V70213032;Lower punch;17-05-2016;17-05-2016;1;; ;1;20;G01-2;Ubemandet maskintid;17-05-2016;17-05-2016;1;0; ;0;0;784;
242778-2;17-05-2016;17-05-2016;;;Grundfos  A/S;9;0;V70213032;Lower punch;17-05-2016;17-05-2016;1;; ;1;30;G01-Ø;Interne fejl og efterjustering U/B;17-05-2016;17-05-2016;1;0; ;0;0;782;
242781;03-06-2016;03-06-2016;;;Grundfos  A/S;9;0;US.285367;us.285367;03-06-2016;03-06-2016;1;; ;1;10;SVH-01;Afmontering, montering ect.;03-06-2016;03-06-2016;1;0; ;0;0;818;
242781;03-06-2016;03-06-2016;;;Grundfos  A/S;9;0;US.285367;us.285367;03-06-2016;03-06-2016;1;; ;1;20;SVH-02;Slibning, renovering af dele;03-06-2016;03-06-2016;1;0; ;0;0;816;
242781;03-06-2016;03-06-2016;;;Grundfos  A/S;9;0;US.285367;us.285367;03-06-2016;03-06-2016;1;; ;1;30;SVH-Ø;Interne fejl og efterjustering U/B;03-06-2016;03-06-2016;1;0; ;0;0;814;
242781;03-06-2016;03-06-2016;;;Grundfos  A/S;9;0;US.285367;us.285367;03-06-2016;03-06-2016;1;; ;1;40;USVH-03;Job og opgaver uden for SVH;03-06-2016;03-06-2016;1;0; ;0;0;812;
242782;15-06-2016;15-06-2016;;;Grundfos  A/S;9;0;US.542187;us.542187;15-06-2016;15-06-2016;1;; ;1;10;SVH-01;Afmontering, montering ect.;15-06-2016;15-06-2016;1;0; ;0;0;826;
242782;15-06-2016;15-06-2016;;;Grundfos  A/S;9;0;US.542187;us.542187;15-06-2016;15-06-2016;1;; ;1;20;SVH-02;Slibning, renovering af dele;15-06-2016;15-06-2016;1;0; ;0;0;824;
242782;15-06-2016;15-06-2016;;;Grundfos  A/S;9;0;US.542187;us.542187;15-06-2016;15-06-2016;1;; ;1;30;SVH-Ø;Interne fejl og efterjustering U/B;15-06-2016;15-06-2016;1;0; ;0;0;822;
242782;15-06-2016;15-06-2016;;;Grundfos  A/S;9;0;US.542187;us.542187;15-06-2016;15-06-2016;1;; ;1;40;USVH-03;Job og opgaver uden for SVH;15-06-2016;15-06-2016;1;0; ;0;0;820;
242783;10-06-2016;10-06-2016;;;Vikan A/S;9;0;242783;Ny udstøder kontakt;10-06-2016;10-06-2016;1;; ;1;10;RSO-01;Projekt, konstruktion og opstart;10-06-2016;10-06-2016;1;0; ;0;0;856;
242783;10-06-2016;10-06-2016;;;Vikan A/S;9;0;242783;Ny udstøder kontakt;10-06-2016;10-06-2016;1;; ;1;20;RSO-02;CNC programmer (alt programmering);10-06-2016;10-06-2016;1;0; ;0;0;854;
242783;10-06-2016;10-06-2016;;;Vikan A/S;9;0;242783;Ny udstøder kontakt;10-06-2016;10-06-2016;1;; ;1;30;RSO-03;CNC maskine - fræse (bemandet);10-06-2016;10-06-2016;1;0; ;0;0;852;
242783;10-06-2016;10-06-2016;;;Vikan A/S;9;0;242783;Ny udstøder kontakt;10-06-2016;10-06-2016;1;; ;1;40;RSO-04;CNC maskine - dreje (bemandet);10-06-2016;10-06-2016;1;0; ;0;0;850;
242783;10-06-2016;10-06-2016;;;Vikan A/S;9;0;242783;Ny udstøder kontakt;10-06-2016;10-06-2016;1;; ;1;50;RSO-05;Elektrode og sænkgnist (bemandet);10-06-2016;10-06-2016;1;0; ;0;0;848;
242783;10-06-2016;10-06-2016;;;Vikan A/S;9;0;242783;Ny udstøder kontakt;10-06-2016;10-06-2016;1;; ;1;60;RSO-06;CNC maskine - Trådgnist (bemandet);10-06-2016;10-06-2016;1;0; ;0;0;846;
242783;10-06-2016;10-06-2016;;;Vikan A/S;9;0;242783;Ny udstøder kontakt;10-06-2016;10-06-2016;1;; ;1;70;RSO-07;Ubemandet maskintid (alle maskiner);10-06-2016;10-06-2016;1;0; ;0;0;844;
242783;10-06-2016;10-06-2016;;;Vikan A/S;9;0;242783;Ny udstøder kontakt;10-06-2016;10-06-2016;1;; ;1;80;RSO-08;Slibemaskiner, rund og planslibning;10-06-2016;10-06-2016;1;0; ;0;0;842;
242783;10-06-2016;10-06-2016;;;Vikan A/S;9;0;242783;Ny udstøder kontakt;10-06-2016;10-06-2016;1;; ;1;90;RSO-09;Diverse arbejde og manuelle maskine;10-06-2016;10-06-2016;1;0; ;0;0;840;
242783;10-06-2016;10-06-2016;;;Vikan A/S;9;0;242783;Ny udstøder kontakt;10-06-2016;10-06-2016;1;; ;1;100;RSO-10;Lasersvejsning og andet svejsning;10-06-2016;10-06-2016;1;0; ;0;0;838;
242783;10-06-2016;10-06-2016;;;Vikan A/S;9;0;242783;Ny udstøder kontakt;10-06-2016;10-06-2016;1;; ;1;110;RSO-11;Opmålinger i målerum;10-06-2016;10-06-2016;1;0; ;0;0;836;
242783;10-06-2016;10-06-2016;;;Vikan A/S;9;0;242783;Ny udstøder kontakt;10-06-2016;10-06-2016;1;; ;1;120;RSO-12;Afmontering, tilpasning og samle;10-06-2016;10-06-2016;1;0; ;0;0;834;
242783;10-06-2016;10-06-2016;;;Vikan A/S;9;0;242783;Ny udstøder kontakt;10-06-2016;10-06-2016;1;; ;1;130;RSO-13;Overarbejde (alt overarbejde);10-06-2016;10-06-2016;1;0; ;0;0;832;
242783;10-06-2016;10-06-2016;;;Vikan A/S;9;0;242783;Ny udstøder kontakt;10-06-2016;10-06-2016;1;; ;1;140;RSO-14;Arbejde vedr. støbning;10-06-2016;10-06-2016;1;0; ;0;0;830;
242783;10-06-2016;10-06-2016;;;Vikan A/S;9;0;242783;Ny udstøder kontakt;10-06-2016;10-06-2016;1;; ;1;150;RSO-Ø;Interne fejl og efterjustering U/B;10-06-2016;10-06-2016;1;0; ;0;0;828;
242784-1;20-05-2016;20-05-2016;;;Bila A/S;9;0;10000070;0130094-99-1116;20-05-2016;20-05-2016;8;; ;1;10;B01-1;Arbejde;20-05-2016;20-05-2016;8;0; ;0;0;860;
242784-1;20-05-2016;20-05-2016;;;Bila A/S;9;0;10000070;0130094-99-1116;20-05-2016;20-05-2016;8;; ;1;20;B01-Ø;Interne fejl og efterjustering U/B;20-05-2016;20-05-2016;8;0; ;0;0;858;
242784-10;20-05-2016;20-05-2016;;;Bila A/S;9;0;10000079;0152999-99-0018;20-05-2016;20-05-2016;16;; ;1;10;B01-1;Arbejde;20-05-2016;20-05-2016;16;0; ;0;0;896;
242784-10;20-05-2016;20-05-2016;;;Bila A/S;9;0;10000079;0152999-99-0018;20-05-2016;20-05-2016;16;; ;1;20;B01-Ø;Interne fejl og efterjustering U/B;20-05-2016;20-05-2016;16;0; ;0;0;894;
242784-11;20-05-2016;20-05-2016;;;Bila A/S;9;0;10000080;0130094-99-1092;20-05-2016;20-05-2016;8;; ;1;10;B01-1;Arbejde;20-05-2016;20-05-2016;8;0; ;0;0;900;
242784-11;20-05-2016;20-05-2016;;;Bila A/S;9;0;10000080;0130094-99-1092;20-05-2016;20-05-2016;8;; ;1;20;B01-Ø;Interne fejl og efterjustering U/B;20-05-2016;20-05-2016;8;0; ;0;0;898;
242784-2;20-05-2016;20-05-2016;;;Bila A/S;9;0;10000071;0152999-99-0036;20-05-2016;20-05-2016;8;; ;1;10;B01-1;Arbejde;20-05-2016;20-05-2016;8;0; ;0;0;864;
242784-2;20-05-2016;20-05-2016;;;Bila A/S;9;0;10000071;0152999-99-0036;20-05-2016;20-05-2016;8;; ;1;20;B01-Ø;Interne fejl og efterjustering U/B;20-05-2016;20-05-2016;8;0; ;0;0;862;
242784-3;20-05-2016;20-05-2016;;;Bila A/S;9;0;10000072;0152999-99-0020;20-05-2016;20-05-2016;16;; ;1;10;B01-1;Arbejde;20-05-2016;20-05-2016;16;0; ;0;0;868;
242784-3;20-05-2016;20-05-2016;;;Bila A/S;9;0;10000072;0152999-99-0020;20-05-2016;20-05-2016;16;; ;1;20;B01-Ø;Interne fejl og efterjustering U/B;20-05-2016;20-05-2016;16;0; ;0;0;866;
242784-4;20-05-2016;20-05-2016;;;Bila A/S;9;0;10000073;0130094-99-1133;20-05-2016;20-05-2016;16;; ;1;10;B01-1;Arbejde;20-05-2016;20-05-2016;16;0; ;0;0;872;
242784-4;20-05-2016;20-05-2016;;;Bila A/S;9;0;10000073;0130094-99-1133;20-05-2016;20-05-2016;16;; ;1;20;B01-Ø;Interne fejl og efterjustering U/B;20-05-2016;20-05-2016;16;0; ;0;0;870;
242784-5;20-05-2016;20-05-2016;;;Bila A/S;9;0;10000074;0152999-99-0037;20-05-2016;20-05-2016;48;; ;1;10;B01-1;Arbejde;20-05-2016;20-05-2016;48;0; ;0;0;876;
242784-5;20-05-2016;20-05-2016;;;Bila A/S;9;0;10000074;0152999-99-0037;20-05-2016;20-05-2016;48;; ;1;20;B01-Ø;Interne fejl og efterjustering U/B;20-05-2016;20-05-2016;48;0; ;0;0;874;
242784-6;20-05-2016;20-05-2016;;;Bila A/S;9;0;10000075;0152999-99-0023;20-05-2016;20-05-2016;16;; ;1;10;B01-1;Arbejde;20-05-2016;20-05-2016;16;0; ;0;0;880;
242784-6;20-05-2016;20-05-2016;;;Bila A/S;9;0;10000075;0152999-99-0023;20-05-2016;20-05-2016;16;; ;1;20;B01-Ø;Interne fejl og efterjustering U/B;20-05-2016;20-05-2016;16;0; ;0;0;878;
242784-7;20-05-2016;20-05-2016;;;Bila A/S;9;0;10000076;0152999-99-0017;20-05-2016;20-05-2016;16;; ;1;10;B01-1;Arbejde;20-05-2016;20-05-2016;16;0; ;0;0;884;
242784-7;20-05-2016;20-05-2016;;;Bila A/S;9;0;10000076;0152999-99-0017;20-05-2016;20-05-2016;16;; ;1;20;B01-Ø;Interne fejl og efterjustering U/B;20-05-2016;20-05-2016;16;0; ;0;0;882;
242784-8;20-05-2016;20-05-2016;;;Bila A/S;9;0;10000077;0152999-99-0040;20-05-2016;20-05-2016;16;; ;1;10;B01-1;Arbejde;20-05-2016;20-05-2016;16;0; ;0;0;888;
242784-8;20-05-2016;20-05-2016;;;Bila A/S;9;0;10000077;0152999-99-0040;20-05-2016;20-05-2016;16;; ;1;20;B01-Ø;Interne fejl og efterjustering U/B;20-05-2016;20-05-2016;16;0; ;0;0;886;
242784-9;20-05-2016;20-05-2016;;;Bila A/S;9;0;10000078;0152999-99-0032;20-05-2016;20-05-2016;16;; ;1;10;B01-1;Arbejde;20-05-2016;20-05-2016;16;0; ;0;0;892;
242784-9;20-05-2016;20-05-2016;;;Bila A/S;9;0;10000078;0152999-99-0032;20-05-2016;20-05-2016;16;; ;1;20;B01-Ø;Interne fejl og efterjustering U/B;20-05-2016;20-05-2016;16;0; ;0;0;890;
242786-1;17-05-2016;17-05-2016;;;Grundfos  A/S;9;0;GZ_1995;BD.000176.01.02.003 - GZ_1995;17-05-2016;17-05-2016;1;; ;1;10;G01-1;Fremstilling og bearbejdning;17-05-2016;17-05-2016;1;0; ;0;0;918;
242786-1;17-05-2016;17-05-2016;;;Grundfos  A/S;9;0;GZ_1995;BD.000176.01.02.003 - GZ_1995;17-05-2016;17-05-2016;1;; ;1;20;G01-2;Ubemandet maskintid;17-05-2016;17-05-2016;1;0; ;0;0;916;
242786-1;17-05-2016;17-05-2016;;;Grundfos  A/S;9;0;GZ_1995;BD.000176.01.02.003 - GZ_1995;17-05-2016;17-05-2016;1;; ;1;30;G01-Ø;Interne fejl og efterjustering U/B;17-05-2016;17-05-2016;1;0; ;0;0;914;
242786-2;17-05-2016;17-05-2016;;;Grundfos  A/S;9;0;GZ_1996;BD.000176.01.02.003 - GZ_1996;17-05-2016;17-05-2016;1;; ;1;10;G01-1;Fremstilling og bearbejdning;17-05-2016;17-05-2016;1;0; ;0;0;924;
242786-2;17-05-2016;17-05-2016;;;Grundfos  A/S;9;0;GZ_1996;BD.000176.01.02.003 - GZ_1996;17-05-2016;17-05-2016;1;; ;1;20;G01-2;Ubemandet maskintid;17-05-2016;17-05-2016;1;0; ;0;0;922;
242786-2;17-05-2016;17-05-2016;;;Grundfos  A/S;9;0;GZ_1996;BD.000176.01.02.003 - GZ_1996;17-05-2016;17-05-2016;1;; ;1;30;G01-Ø;Interne fejl og efterjustering U/B;17-05-2016;17-05-2016;1;0; ;0;0;920;
242786-3;17-05-2016;17-05-2016;;;Grundfos  A/S;9;0;GZ_1997;BD.000176.01.02.003 - GZ_1997;17-05-2016;17-05-2016;1;; ;1;10;G01-1;Fremstilling og bearbejdning;17-05-2016;17-05-2016;1;0; ;0;0;930;
242786-3;17-05-2016;17-05-2016;;;Grundfos  A/S;9;0;GZ_1997;BD.000176.01.02.003 - GZ_1997;17-05-2016;17-05-2016;1;; ;1;20;G01-2;Ubemandet maskintid;17-05-2016;17-05-2016;1;0; ;0;0;928;
242786-3;17-05-2016;17-05-2016;;;Grundfos  A/S;9;0;GZ_1997;BD.000176.01.02.003 - GZ_1997;17-05-2016;17-05-2016;1;; ;1;30;G01-Ø;Interne fejl og efterjustering U/B;17-05-2016;17-05-2016;1;0; ;0;0;926;
242787;12-05-2016;12-05-2016;;;Grundfos  A/S;9;0;V7128865;v7128865;12-05-2016;12-05-2016;2;; ;1;10;G01-1;Fremstilling og bearbejdning;12-05-2016;12-05-2016;2;0; ;0;0;936;
242787;12-05-2016;12-05-2016;;;Grundfos  A/S;9;0;V7128865;v7128865;12-05-2016;12-05-2016;2;; ;1;20;G01-2;Ubemandet maskintid;12-05-2016;12-05-2016;2;0; ;0;0;934;
242787;12-05-2016;12-05-2016;;;Grundfos  A/S;9;0;V7128865;v7128865;12-05-2016;12-05-2016;2;; ;1;30;G01-Ø;Interne fejl og efterjustering U/B;12-05-2016;12-05-2016;2;0; ;0;0;932;
242789-1;20-05-2016;20-05-2016;;;Grundfos  A/S;9;0;US.559453;US.559453;20-05-2016;20-05-2016;1;; ;1;10;SVH-01;Afmontering, montering ect.;20-05-2016;20-05-2016;1;0; ;0;0;944;
242789-1;20-05-2016;20-05-2016;;;Grundfos  A/S;9;0;US.559453;US.559453;20-05-2016;20-05-2016;1;; ;1;20;SVH-02;Slibning, renovering af dele;20-05-2016;20-05-2016;1;0; ;0;0;942;
242789-1;20-05-2016;20-05-2016;;;Grundfos  A/S;9;0;US.559453;US.559453;20-05-2016;20-05-2016;1;; ;1;30;SVH-Ø;Interne fejl og efterjustering U/B;20-05-2016;20-05-2016;1;0; ;0;0;940;
242789-1;20-05-2016;20-05-2016;;;Grundfos  A/S;9;0;US.559453;US.559453;20-05-2016;20-05-2016;1;; ;1;40;USVH-03;Job og opgaver uden for SVH;20-05-2016;20-05-2016;1;0; ;0;0;938;
242789-2;03-06-2016;03-06-2016;;;Grundfos  A/S;9;0;US.245888;us.245888;03-06-2016;03-06-2016;1;; ;1;10;SVH-01;Afmontering, montering ect.;03-06-2016;03-06-2016;1;0; ;0;0;952;
242789-2;03-06-2016;03-06-2016;;;Grundfos  A/S;9;0;US.245888;us.245888;03-06-2016;03-06-2016;1;; ;1;20;SVH-02;Slibning, renovering af dele;03-06-2016;03-06-2016;1;0; ;0;0;950;
242789-2;03-06-2016;03-06-2016;;;Grundfos  A/S;9;0;US.245888;us.245888;03-06-2016;03-06-2016;1;; ;1;30;SVH-Ø;Interne fejl og efterjustering U/B;03-06-2016;03-06-2016;1;0; ;0;0;948;
242789-2;03-06-2016;03-06-2016;;;Grundfos  A/S;9;0;US.245888;us.245888;03-06-2016;03-06-2016;1;; ;1;40;USVH-03;Job og opgaver uden for SVH;03-06-2016;03-06-2016;1;0; ;0;0;946;
242791;18-05-2016;18-05-2016;;;Grundfos  A/S;9;0;V70098207;V70098207;18-05-2016;18-05-2016;1;; ;1;10;G01-1;Fremstilling og bearbejdning;18-05-2016;18-05-2016;1;0; ;0;0;958;
242791;18-05-2016;18-05-2016;;;Grundfos  A/S;9;0;V70098207;V70098207;18-05-2016;18-05-2016;1;; ;1;20;G01-2;Ubemandet maskintid;18-05-2016;18-05-2016;1;0; ;0;0;956;
242791;18-05-2016;18-05-2016;;;Grundfos  A/S;9;0;V70098207;V70098207;18-05-2016;18-05-2016;1;; ;1;30;G01-Ø;Interne fejl og efterjustering U/B;18-05-2016;18-05-2016;1;0; ;0;0;954;
242792-1;20-05-2016;20-05-2016;;;Grundfos  A/S;9;0;LARGE OVERPART;BD.001409.01.08.012 - Dual die_larg;20-05-2016;20-05-2016;2;; ;1;10;G01-1;Fremstilling og bearbejdning;20-05-2016;20-05-2016;2;0; ;0;0;964;
242792-1;20-05-2016;20-05-2016;;;Grundfos  A/S;9;0;LARGE OVERPART;BD.001409.01.08.012 - Dual die_larg;20-05-2016;20-05-2016;2;; ;1;20;G01-2;Ubemandet maskintid;20-05-2016;20-05-2016;2;0; ;0;0;962;
242792-1;20-05-2016;20-05-2016;;;Grundfos  A/S;9;0;LARGE OVERPART;BD.001409.01.08.012 - Dual die_larg;20-05-2016;20-05-2016;2;; ;1;30;G01-Ø;Interne fejl og efterjustering U/B;20-05-2016;20-05-2016;2;0; ;0;0;960;
242792-2;20-05-2016;20-05-2016;;;Grundfos  A/S;9;0;LARGE UNDERPART;Dual die_large Underpart;20-05-2016;20-05-2016;2;; ;1;10;G01-1;Fremstilling og bearbejdning;20-05-2016;20-05-2016;2;0; ;0;0;970;
242792-2;20-05-2016;20-05-2016;;;Grundfos  A/S;9;0;LARGE UNDERPART;Dual die_large Underpart;20-05-2016;20-05-2016;2;; ;1;20;G01-2;Ubemandet maskintid;20-05-2016;20-05-2016;2;0; ;0;0;968;
242792-2;20-05-2016;20-05-2016;;;Grundfos  A/S;9;0;LARGE UNDERPART;Dual die_large Underpart;20-05-2016;20-05-2016;2;; ;1;30;G01-Ø;Interne fejl og efterjustering U/B;20-05-2016;20-05-2016;2;0; ;0;0;966;
242792-3;20-05-2016;20-05-2016;;;Grundfos  A/S;9;0;LARGE SNUDE;Dual die_large Snude;20-05-2016;20-05-2016;2;; ;1;10;G01-1;Fremstilling og bearbejdning;20-05-2016;20-05-2016;2;0; ;0;0;976;
242792-3;20-05-2016;20-05-2016;;;Grundfos  A/S;9;0;LARGE SNUDE;Dual die_large Snude;20-05-2016;20-05-2016;2;; ;1;20;G01-2;Ubemandet maskintid;20-05-2016;20-05-2016;2;0; ;0;0;974;
242792-3;20-05-2016;20-05-2016;;;Grundfos  A/S;9;0;LARGE SNUDE;Dual die_large Snude;20-05-2016;20-05-2016;2;; ;1;30;G01-Ø;Interne fejl og efterjustering U/B;20-05-2016;20-05-2016;2;0; ;0;0;972;
242792-4;20-05-2016;20-05-2016;;;Grundfos  A/S;9;0;STIKHOLDER M12 S;Stikholder M12 side;20-05-2016;20-05-2016;2;; ;1;10;G01-1;Fremstilling og bearbejdning;20-05-2016;20-05-2016;2;0; ;0;0;982;
242792-4;20-05-2016;20-05-2016;;;Grundfos  A/S;9;0;STIKHOLDER M12 S;Stikholder M12 side;20-05-2016;20-05-2016;2;; ;1;20;G01-2;Ubemandet maskintid;20-05-2016;20-05-2016;2;0; ;0;0;980;
242792-4;20-05-2016;20-05-2016;;;Grundfos  A/S;9;0;STIKHOLDER M12 S;Stikholder M12 side;20-05-2016;20-05-2016;2;; ;1;30;G01-Ø;Interne fejl og efterjustering U/B;20-05-2016;20-05-2016;2;0; ;0;0;978;
242794;27-05-2016;27-05-2016;;;Grundfos  A/S;9;0;V70102739;70102739;27-05-2016;27-05-2016;1;; ;1;10;G01-1;Fremstilling og bearbejdning;27-05-2016;27-05-2016;1;0; ;0;0;988;
242794;27-05-2016;27-05-2016;;;Grundfos  A/S;9;0;V70102739;70102739;27-05-2016;27-05-2016;1;; ;1;20;G01-2;Ubemandet maskintid;27-05-2016;27-05-2016;1;0; ;0;0;986;
242794;27-05-2016;27-05-2016;;;Grundfos  A/S;9;0;V70102739;70102739;27-05-2016;27-05-2016;1;; ;1;30;G01-Ø;Interne fejl og efterjustering U/B;27-05-2016;27-05-2016;1;0; ;0;0;984;
242795;21-06-2016;21-06-2016;;;Malte Haaning Plastic A/S;9;0;242795;Ekstruder værktøj - komplet;21-06-2016;21-06-2016;1;; ;3;10;VFA-01;Projekt opstart og konstruktion;21-06-2016;21-06-2016;1;0; ;0;6,5;1024;
242795;21-06-2016;21-06-2016;;;Malte Haaning Plastic A/S;9;0;242795;Ekstruder værktøj - komplet;21-06-2016;21-06-2016;1;; ;3;20;VFA-02;Dokumentation;21-06-2016;21-06-2016;1;0; ;0;0;1022;
242795;21-06-2016;21-06-2016;;;Malte Haaning Plastic A/S;9;0;242795;Ekstruder værktøj - komplet;21-06-2016;21-06-2016;1;; ;3;30;VFA-03;CNC programmer;21-06-2016;21-06-2016;1;0; ;0;0;1020;
242795;21-06-2016;21-06-2016;;;Malte Haaning Plastic A/S;9;0;242795;Ekstruder værktøj - komplet;21-06-2016;21-06-2016;1;; ;3;40;VFA-04;CNC maskine fræse;21-06-2016;21-06-2016;1;0; ;0;0;1018;
242795;21-06-2016;21-06-2016;;;Malte Haaning Plastic A/S;9;0;242795;Ekstruder værktøj - komplet;21-06-2016;21-06-2016;1;; ;3;50;VFA-05;CNC maskine dreje;21-06-2016;21-06-2016;1;0; ;0;0;1016;
242795;21-06-2016;21-06-2016;;;Malte Haaning Plastic A/S;9;0;242795;Ekstruder værktøj - komplet;21-06-2016;21-06-2016;1;; ;3;60;VFA-06;Elektrodefremstilling;21-06-2016;21-06-2016;1;0; ;0;0;1014;
242795;21-06-2016;21-06-2016;;;Malte Haaning Plastic A/S;9;0;242795;Ekstruder værktøj - komplet;21-06-2016;21-06-2016;1;; ;3;70;VFA-07;Sænkgnist inkl. programmering;21-06-2016;21-06-2016;1;0; ;0;0;1012;
242795;21-06-2016;21-06-2016;;;Malte Haaning Plastic A/S;9;0;242795;Ekstruder værktøj - komplet;21-06-2016;21-06-2016;1;; ;3;80;VFA-08;Trådgnist inkl. programmering;21-06-2016;21-06-2016;1;0; ;0;0;1010;
242795;21-06-2016;21-06-2016;;;Malte Haaning Plastic A/S;9;0;242795;Ekstruder værktøj - komplet;21-06-2016;21-06-2016;1;; ;3;90;VFA-09;Ubemandet CNC maskintid;21-06-2016;21-06-2016;1;0; ;0;0;1008;
242795;21-06-2016;21-06-2016;;;Malte Haaning Plastic A/S;9;0;242795;Ekstruder værktøj - komplet;21-06-2016;21-06-2016;1;; ;3;100;VFA-10;Slibning, plan og rundslib;21-06-2016;21-06-2016;1;0; ;0;0;1006;
242795;21-06-2016;21-06-2016;;;Malte Haaning Plastic A/S;9;0;242795;Ekstruder værktøj - komplet;21-06-2016;21-06-2016;1;; ;3;110;VFA-11;Manuel maskine;21-06-2016;21-06-2016;1;0; ;0;0;1004;
242795;21-06-2016;21-06-2016;;;Malte Haaning Plastic A/S;9;0;242795;Ekstruder værktøj - komplet;21-06-2016;21-06-2016;1;; ;3;120;VFA-12;Bore kølesystem;21-06-2016;21-06-2016;1;0; ;0;0;1002;
242795;21-06-2016;21-06-2016;;;Malte Haaning Plastic A/S;9;0;242795;Ekstruder værktøj - komplet;21-06-2016;21-06-2016;1;; ;3;130;VFA-13;Andet arbejde: Polering;21-06-2016;21-06-2016;1;0; ;0;0;1000;
242795;21-06-2016;21-06-2016;;;Malte Haaning Plastic A/S;9;0;242795;Ekstruder værktøj - komplet;21-06-2016;21-06-2016;1;; ;3;140;VFA-14;Kulisser, skråudstødere, cyl. træk;21-06-2016;21-06-2016;1;0; ;0;0;998;
242795;21-06-2016;21-06-2016;;;Malte Haaning Plastic A/S;9;0;242795;Ekstruder værktøj - komplet;21-06-2016;21-06-2016;1;; ;3;150;VFA-15;Montage, tilpasning, pudsning m.m;21-06-2016;21-06-2016;1;0; ;0;0;996;
242795;21-06-2016;21-06-2016;;;Malte Haaning Plastic A/S;9;0;242795;Ekstruder værktøj - komplet;21-06-2016;21-06-2016;1;; ;3;160;VFA-Ø;Interne fejl og efterjustering U/B;21-06-2016;21-06-2016;1;0; ;0;0;994;
242796-1;24-05-2016;24-05-2016;;;Bila A/S;9;0;25000;0142133-99-8471;24-05-2016;24-05-2016;1;; ;1;10;B01-1;Arbejde;24-05-2016;24-05-2016;1;0; ;0;0;1028;
242796-1;24-05-2016;24-05-2016;;;Bila A/S;9;0;25000;0142133-99-8471;24-05-2016;24-05-2016;1;; ;1;20;B01-Ø;Interne fejl og efterjustering U/B;24-05-2016;24-05-2016;1;0; ;0;0;1026;
242796-2;24-05-2016;24-05-2016;;;Bila A/S;9;0;25001;0142133-99-8471_MIR;24-05-2016;24-05-2016;1;; ;1;10;B01-1;Arbejde;24-05-2016;24-05-2016;1;0; ;0;0;1032;
242796-2;24-05-2016;24-05-2016;;;Bila A/S;9;0;25001;0142133-99-8471_MIR;24-05-2016;24-05-2016;1;; ;1;20;B01-Ø;Interne fejl og efterjustering U/B;24-05-2016;24-05-2016;1;0; ;0;0;1030;
242797;01-06-2016;01-06-2016;;;Grundfos  A/S;9;0;V70208644;V70208644 - Holder;01-06-2016;01-06-2016;5;; ;1;10;G01-1;Fremstilling og bearbejdning;01-06-2016;01-06-2016;5;0; ;0;0;1038;
242797;01-06-2016;01-06-2016;;;Grundfos  A/S;9;0;V70208644;V70208644 - Holder;01-06-2016;01-06-2016;5;; ;1;20;G01-2;Ubemandet maskintid;01-06-2016;01-06-2016;5;0; ;0;0;1036;
242797;01-06-2016;01-06-2016;;;Grundfos  A/S;9;0;V70208644;V70208644 - Holder;01-06-2016;01-06-2016;5;; ;1;30;G01-Ø;Interne fejl og efterjustering U/B;01-06-2016;01-06-2016;5;0; ;0;0;1034;
242799-1;24-05-2016;24-05-2016;;;Bila A/S;9;0;250102;0152732-99-4246;24-05-2016;24-05-2016;2;; ;1;10;B01-1;Arbejde;24-05-2016;24-05-2016;2;0; ;0;0;1042;
242799-1;24-05-2016;24-05-2016;;;Bila A/S;9;0;250102;0152732-99-4246;24-05-2016;24-05-2016;2;; ;1;20;B01-Ø;Interne fejl og efterjustering U/B;24-05-2016;24-05-2016;2;0; ;0;0;1040;
242799-2;24-05-2016;24-05-2016;;;Bila A/S;9;0;250103;0152732-99-4247;24-05-2016;24-05-2016;2;; ;1;10;B01-1;Arbejde;24-05-2016;24-05-2016;2;0; ;0;0;1046;
242799-2;24-05-2016;24-05-2016;;;Bila A/S;9;0;250103;0152732-99-4247;24-05-2016;24-05-2016;2;; ;1;20;B01-Ø;Interne fejl og efterjustering U/B;24-05-2016;24-05-2016;2;0; ;0;0;1044;
242799-3;24-05-2016;24-05-2016;;;Bila A/S;9;0;250104;0152732-99-4248;24-05-2016;24-05-2016;2;; ;1;10;B01-1;Arbejde;24-05-2016;24-05-2016;2;0; ;0;0;1050;
242799-3;24-05-2016;24-05-2016;;;Bila A/S;9;0;250104;0152732-99-4248;24-05-2016;24-05-2016;2;; ;1;20;B01-Ø;Interne fejl og efterjustering U/B;24-05-2016;24-05-2016;2;0; ;0;0;1048;
242801-1;25-05-2016;25-05-2016;;;Bila A/S;9;0;250107;0152998-99-4082;25-05-2016;25-05-2016;16;; ;1;10;B01-1;Arbejde;25-05-2016;25-05-2016;16;0; ;0;0;1062;
242801-1;25-05-2016;25-05-2016;;;Bila A/S;9;0;250107;0152998-99-4082;25-05-2016;25-05-2016;16;; ;1;20;B01-Ø;Interne fejl og efterjustering U/B;25-05-2016;25-05-2016;16;0; ;0;0;1060;
242801-2;25-05-2016;25-05-2016;;;Bila A/S;9;0;250108;0152998-99-4139;25-05-2016;25-05-2016;96;; ;1;10;B01-1;Arbejde;25-05-2016;25-05-2016;96;0; ;0;0;1066;
242801-2;25-05-2016;25-05-2016;;;Bila A/S;9;0;250108;0152998-99-4139;25-05-2016;25-05-2016;96;; ;1;20;B01-Ø;Interne fejl og efterjustering U/B;25-05-2016;25-05-2016;96;0; ;0;0;1064;
242804-1;24-05-2016;24-05-2016;;;Grundfos  A/S;9;0;T250110;96900021_mod_rev_6;24-05-2016;24-05-2016;1;; ;1;10;G01-1;Fremstilling og bearbejdning;24-05-2016;24-05-2016;1;0; ;0;0;1072;
242804-1;24-05-2016;24-05-2016;;;Grundfos  A/S;9;0;T250110;96900021_mod_rev_6;24-05-2016;24-05-2016;1;; ;1;20;G01-2;Ubemandet maskintid;24-05-2016;24-05-2016;1;0; ;0;0;1070;
242804-1;24-05-2016;24-05-2016;;;Grundfos  A/S;9;0;T250110;96900021_mod_rev_6;24-05-2016;24-05-2016;1;; ;1;30;G01-Ø;Interne fejl og efterjustering U/B;24-05-2016;24-05-2016;1;0; ;0;0;1068;
242804-2;24-05-2016;24-05-2016;;;Grundfos  A/S;9;0;T250111;96926234-3500021_mod_rev_6;24-05-2016;24-05-2016;1;; ;1;10;G01-1;Fremstilling og bearbejdning;24-05-2016;24-05-2016;1;0; ;0;0;1078;
242804-2;24-05-2016;24-05-2016;;;Grundfos  A/S;9;0;T250111;96926234-3500021_mod_rev_6;24-05-2016;24-05-2016;1;; ;1;20;G01-2;Ubemandet maskintid;24-05-2016;24-05-2016;1;0; ;0;0;1076;
242804-2;24-05-2016;24-05-2016;;;Grundfos  A/S;9;0;T250111;96926234-3500021_mod_rev_6;24-05-2016;24-05-2016;1;; ;1;30;G01-Ø;Interne fejl og efterjustering U/B;24-05-2016;24-05-2016;1;0; ;0;0;1074;
242805;26-05-2016;26-05-2016;;;(StoneZone A/S) DFI-Geisler;9;0;T250112;Gleitring;26-05-2016;26-05-2016;5;; ;1;10;KF-01;Opstart, evt.konstruktion, møder mm;26-05-2016;26-05-2016;5;0; ;0;0;1096;
242805;26-05-2016;26-05-2016;;;(StoneZone A/S) DFI-Geisler;9;0;T250112;Gleitring;26-05-2016;26-05-2016;5;; ;1;20;KF-02;Evt.opspændingdorne, save m.m;26-05-2016;26-05-2016;5;0; ;0;0;1094;
242805;26-05-2016;26-05-2016;;;(StoneZone A/S) DFI-Geisler;9;0;T250112;Gleitring;26-05-2016;26-05-2016;5;; ;1;30;KF-03;Programering (alt programmering);26-05-2016;26-05-2016;5;0; ;0;0;1092;
242805;26-05-2016;26-05-2016;;;(StoneZone A/S) DFI-Geisler;9;0;T250112;Gleitring;26-05-2016;26-05-2016;5;; ;1;40;KF-04;Opstilling og indkøring CNC maskine;26-05-2016;26-05-2016;5;0; ;0;0;1090;
242805;26-05-2016;26-05-2016;;;(StoneZone A/S) DFI-Geisler;9;0;T250112;Gleitring;26-05-2016;26-05-2016;5;; ;1;50;KF-05;Produktion - bemandet;26-05-2016;26-05-2016;5;0; ;0;0;1088;
242805;26-05-2016;26-05-2016;;;(StoneZone A/S) DFI-Geisler;9;0;T250112;Gleitring;26-05-2016;26-05-2016;5;; ;1;60;KF-06;Produktion - ubemandet CNC maskine;26-05-2016;26-05-2016;5;0; ;0;0;1086;
242805;26-05-2016;26-05-2016;;;(StoneZone A/S) DFI-Geisler;9;0;T250112;Gleitring;26-05-2016;26-05-2016;5;; ;1;70;KF-07;Opmålinger, slutkontrol, evt måling;26-05-2016;26-05-2016;5;0; ;0;0;1084;
242805;26-05-2016;26-05-2016;;;(StoneZone A/S) DFI-Geisler;9;0;T250112;Gleitring;26-05-2016;26-05-2016;5;; ;1;80;KF-08;Overarbejde (alt overtid);26-05-2016;26-05-2016;5;0; ;0;0;1082;
242805;26-05-2016;26-05-2016;;;(StoneZone A/S) DFI-Geisler;9;0;T250112;Gleitring;26-05-2016;26-05-2016;5;; ;1;90;KF-Ø;Interne fejl og efterjustering U/B;26-05-2016;26-05-2016;5;0; ;0;0;1080;
242807-1;02-06-2016;02-06-2016;;;Bila A/S;9;0;T250113;0152732-99-4311;02-06-2016;02-06-2016;2;; ;1;10;B01-1;Arbejde;02-06-2016;02-06-2016;2;0; ;0;0;1100;
242807-1;02-06-2016;02-06-2016;;;Bila A/S;9;0;T250113;0152732-99-4311;02-06-2016;02-06-2016;2;; ;1;20;B01-Ø;Interne fejl og efterjustering U/B;02-06-2016;02-06-2016;2;0; ;0;0;1098;
242807-2;02-06-2016;02-06-2016;;;Bila A/S;9;0;T250114;0152732-99-4311_MIR;02-06-2016;02-06-2016;2;; ;1;10;B01-1;Arbejde;02-06-2016;02-06-2016;2;0; ;0;0;1104;
242807-2;02-06-2016;02-06-2016;;;Bila A/S;9;0;T250114;0152732-99-4311_MIR;02-06-2016;02-06-2016;2;; ;1;20;B01-Ø;Interne fejl og efterjustering U/B;02-06-2016;02-06-2016;2;0; ;0;0;1102;
242808;03-06-2016;03-06-2016;;;Bila A/S;9;0;T250115;Gribeaksel;03-06-2016;03-06-2016;200;; ;1;10;B01-1;Arbejde;03-06-2016;03-06-2016;200;0; ;0;0;1108;
242808;03-06-2016;03-06-2016;;;Bila A/S;9;0;T250115;Gribeaksel;03-06-2016;03-06-2016;200;; ;1;20;B01-Ø;Interne fejl og efterjustering U/B;03-06-2016;03-06-2016;200;0; ;0;0;1106;
242809-1;09-06-2016;09-06-2016;;;Grundfos  A/S;9;0;US.266091;Service af us.266091;09-06-2016;09-06-2016;1;; ;1;10;SVH-01;Afmontering, montering ect.;09-06-2016;09-06-2016;1;0; ;0;0;1116;
242809-1;09-06-2016;09-06-2016;;;Grundfos  A/S;9;0;US.266091;Service af us.266091;09-06-2016;09-06-2016;1;; ;1;20;SVH-02;Slibning, renovering af dele;09-06-2016;09-06-2016;1;0; ;0;0;1114;
242809-1;09-06-2016;09-06-2016;;;Grundfos  A/S;9;0;US.266091;Service af us.266091;09-06-2016;09-06-2016;1;; ;1;30;SVH-Ø;Interne fejl og efterjustering U/B;09-06-2016;09-06-2016;1;0; ;0;0;1112;
242809-1;09-06-2016;09-06-2016;;;Grundfos  A/S;9;0;US.266091;Service af us.266091;09-06-2016;09-06-2016;1;; ;1;40;USVH-03;Job og opgaver uden for SVH;09-06-2016;09-06-2016;1;0; ;0;0;1110;
242809-2;16-06-2016;16-06-2016;;;Grundfos  A/S;9;0;US.257335;Service af us.257335;16-06-2016;16-06-2016;1;; ;1;10;SVH-01;Afmontering, montering ect.;16-06-2016;16-06-2016;1;0; ;0;0;1124;
242809-2;16-06-2016;16-06-2016;;;Grundfos  A/S;9;0;US.257335;Service af us.257335;16-06-2016;16-06-2016;1;; ;1;20;SVH-02;Slibning, renovering af dele;16-06-2016;16-06-2016;1;0; ;0;0;1122;
242809-2;16-06-2016;16-06-2016;;;Grundfos  A/S;9;0;US.257335;Service af us.257335;16-06-2016;16-06-2016;1;; ;1;30;SVH-Ø;Interne fejl og efterjustering U/B;16-06-2016;16-06-2016;1;0; ;0;0;1120;
242809-2;16-06-2016;16-06-2016;;;Grundfos  A/S;9;0;US.257335;Service af us.257335;16-06-2016;16-06-2016;1;; ;1;40;USVH-03;Job og opgaver uden for SVH;16-06-2016;16-06-2016;1;0; ;0;0;1118;
242812;03-06-2016;03-06-2016;;;Grundfos  A/S;9;0;V70117127;Ændring af 70117127;03-06-2016;03-06-2016;3;; ;1;10;G01-1;Fremstilling og bearbejdning;03-06-2016;03-06-2016;3;0; ;0;0;1138;
242812;03-06-2016;03-06-2016;;;Grundfos  A/S;9;0;V70117127;Ændring af 70117127;03-06-2016;03-06-2016;3;; ;1;20;G01-2;Ubemandet maskintid;03-06-2016;03-06-2016;3;0; ;0;0;1136;
242812;03-06-2016;03-06-2016;;;Grundfos  A/S;9;0;V70117127;Ændring af 70117127;03-06-2016;03-06-2016;3;; ;1;30;G01-Ø;Interne fejl og efterjustering U/B;03-06-2016;03-06-2016;3;0; ;0;0;1134;
242813-1;25-05-2016;25-05-2016;;;Grundfos  A/S;9;0;V7126211;Rep. af v7126211;25-05-2016;25-05-2016;1;; ;1;10;G01-1;Fremstilling og bearbejdning;25-05-2016;25-05-2016;1;0; ;0;0;1144;
242813-1;25-05-2016;25-05-2016;;;Grundfos  A/S;9;0;V7126211;Rep. af v7126211;25-05-2016;25-05-2016;1;; ;1;20;G01-2;Ubemandet maskintid;25-05-2016;25-05-2016;1;0; ;0;0;1142;
242813-1;25-05-2016;25-05-2016;;;Grundfos  A/S;9;0;V7126211;Rep. af v7126211;25-05-2016;25-05-2016;1;; ;1;30;G01-Ø;Interne fejl og efterjustering U/B;25-05-2016;25-05-2016;1;0; ;0;0;1140;
242813-2;25-05-2016;25-05-2016;;;Grundfos  A/S;9;0;V7126217;Rep. af v7126217;25-05-2016;25-05-2016;1;; ;1;10;G01-1;Fremstilling og bearbejdning;25-05-2016;25-05-2016;1;0; ;0;0;1150;
242813-2;25-05-2016;25-05-2016;;;Grundfos  A/S;9;0;V7126217;Rep. af v7126217;25-05-2016;25-05-2016;1;; ;1;20;G01-2;Ubemandet maskintid;25-05-2016;25-05-2016;1;0; ;0;0;1148;
242813-2;25-05-2016;25-05-2016;;;Grundfos  A/S;9;0;V7126217;Rep. af v7126217;25-05-2016;25-05-2016;1;; ;1;30;G01-Ø;Interne fejl og efterjustering U/B;25-05-2016;25-05-2016;1;0; ;0;0;1146;
242813-3;24-05-2016;24-05-2016;;;Grundfos  A/S;9;0;70099500;Rep. af 70099500;24-05-2016;24-05-2016;1;; ;1;10;G01-1;Fremstilling og bearbejdning;24-05-2016;24-05-2016;1;0; ;0;0;1156;
242813-3;24-05-2016;24-05-2016;;;Grundfos  A/S;9;0;70099500;Rep. af 70099500;24-05-2016;24-05-2016;1;; ;1;20;G01-2;Ubemandet maskintid;24-05-2016;24-05-2016;1;0; ;0;0;1154;
242813-3;24-05-2016;24-05-2016;;;Grundfos  A/S;9;0;70099500;Rep. af 70099500;24-05-2016;24-05-2016;1;; ;1;30;G01-Ø;Interne fejl og efterjustering U/B;24-05-2016;24-05-2016;1;0; ;0;0;1152;
242814;23-05-2016;23-05-2016;;;Bila A/S;9;0;T250118;0150468-99-0233;23-05-2016;23-05-2016;4;; ;1;10;B01-1;Arbejde;23-05-2016;23-05-2016;4;0; ;0;0;1160;
242814;23-05-2016;23-05-2016;;;Bila A/S;9;0;T250118;0150468-99-0233;23-05-2016;23-05-2016;4;; ;1;20;B01-Ø;Interne fejl og efterjustering U/B;23-05-2016;23-05-2016;4;0; ;0;0;1158;
242815-1;03-06-2016;03-06-2016;;;Bila A/S;9;0;T250119;0152998-99-4011;03-06-2016;03-06-2016;4;; ;1;10;B01-1;Arbejde;03-06-2016;03-06-2016;4;0; ;0;0;1164;
242815-1;03-06-2016;03-06-2016;;;Bila A/S;9;0;T250119;0152998-99-4011;03-06-2016;03-06-2016;4;; ;1;20;B01-Ø;Interne fejl og efterjustering U/B;03-06-2016;03-06-2016;4;0; ;0;0;1162;
242815-2;03-06-2016;03-06-2016;;;Bila A/S;9;0;T250120;0152998-99-0003;03-06-2016;03-06-2016;8;; ;1;10;B01-1;Arbejde;03-06-2016;03-06-2016;8;0; ;0;0;1168;
242815-2;03-06-2016;03-06-2016;;;Bila A/S;9;0;T250120;0152998-99-0003;03-06-2016;03-06-2016;8;; ;1;20;B01-Ø;Interne fejl og efterjustering U/B;03-06-2016;03-06-2016;8;0; ;0;0;1166;
242815-3;03-06-2016;03-06-2016;;;Bila A/S;9;0;T250121;0152998-99-4141;03-06-2016;03-06-2016;10;; ;1;10;B01-1;Arbejde;03-06-2016;03-06-2016;10;0; ;0;0;1172;
242815-3;03-06-2016;03-06-2016;;;Bila A/S;9;0;T250121;0152998-99-4141;03-06-2016;03-06-2016;10;; ;1;20;B01-Ø;Interne fejl og efterjustering U/B;03-06-2016;03-06-2016;10;0; ;0;0;1170;
242815-4;03-06-2016;03-06-2016;;;Bila A/S;9;0;T250122;0152998-99-0004;03-06-2016;03-06-2016;16;; ;1;10;B01-1;Arbejde;03-06-2016;03-06-2016;16;0; ;0;0;1176;
242815-4;03-06-2016;03-06-2016;;;Bila A/S;9;0;T250122;0152998-99-0004;03-06-2016;03-06-2016;16;; ;1;20;B01-Ø;Interne fejl og efterjustering U/B;03-06-2016;03-06-2016;16;0; ;0;0;1174;
242815-5;03-06-2016;03-06-2016;;;Bila A/S;9;0;T250123;0152998-99-4143;03-06-2016;03-06-2016;4;; ;1;10;B01-1;Arbejde;03-06-2016;03-06-2016;4;0; ;0;0;1180;
242815-5;03-06-2016;03-06-2016;;;Bila A/S;9;0;T250123;0152998-99-4143;03-06-2016;03-06-2016;4;; ;1;20;B01-Ø;Interne fejl og efterjustering U/B;03-06-2016;03-06-2016;4;0; ;0;0;1178;
242816-1;27-05-2016;27-05-2016;;;Bila A/S;9;0;T250124;0161162-99-0016;27-05-2016;27-05-2016;2;; ;1;10;B01-1;Arbejde;27-05-2016;27-05-2016;2;0; ;0;0;1184;
242816-1;27-05-2016;27-05-2016;;;Bila A/S;9;0;T250124;0161162-99-0016;27-05-2016;27-05-2016;2;; ;1;20;B01-Ø;Interne fejl og efterjustering U/B;27-05-2016;27-05-2016;2;0; ;0;0;1182;
242816-2;27-05-2016;27-05-2016;;;Bila A/S;9;0;T250125;0161162-99-0015;27-05-2016;27-05-2016;2;; ;1;10;B01-1;Arbejde;27-05-2016;27-05-2016;2;0; ;0;0;1188;
242816-2;27-05-2016;27-05-2016;;;Bila A/S;9;0;T250125;0161162-99-0015;27-05-2016;27-05-2016;2;; ;1;20;B01-Ø;Interne fejl og efterjustering U/B;27-05-2016;27-05-2016;2;0; ;0;0;1186;
242817-1;23-05-2016;23-05-2016;;;CMS Dental ApS;9;0;T250126;Spacer ring;23-05-2016;23-05-2016;10;; ;1;10;KF-01;Opstart, evt.konstruktion, møder mm;23-05-2016;23-05-2016;10;0; ;0;0;1206;
242817-1;23-05-2016;23-05-2016;;;CMS Dental ApS;9;0;T250126;Spacer ring;23-05-2016;23-05-2016;10;; ;1;20;KF-02;Evt.opspændingdorne, save m.m;23-05-2016;23-05-2016;10;0; ;0;0;1204;
242817-1;23-05-2016;23-05-2016;;;CMS Dental ApS;9;0;T250126;Spacer ring;23-05-2016;23-05-2016;10;; ;1;30;KF-03;Programering (alt programmering);23-05-2016;23-05-2016;10;0; ;0;0;1202;
242817-1;23-05-2016;23-05-2016;;;CMS Dental ApS;9;0;T250126;Spacer ring;23-05-2016;23-05-2016;10;; ;1;40;KF-04;Opstilling og indkøring CNC maskine;23-05-2016;23-05-2016;10;0; ;0;0;1200;
242817-1;23-05-2016;23-05-2016;;;CMS Dental ApS;9;0;T250126;Spacer ring;23-05-2016;23-05-2016;10;; ;1;50;KF-05;Produktion - bemandet;23-05-2016;23-05-2016;10;0; ;0;0;1198;
242817-1;23-05-2016;23-05-2016;;;CMS Dental ApS;9;0;T250126;Spacer ring;23-05-2016;23-05-2016;10;; ;1;60;KF-06;Produktion - ubemandet CNC maskine;23-05-2016;23-05-2016;10;0; ;0;0;1196;
242817-1;23-05-2016;23-05-2016;;;CMS Dental ApS;9;0;T250126;Spacer ring;23-05-2016;23-05-2016;10;; ;1;70;KF-07;Opmålinger, slutkontrol, evt måling;23-05-2016;23-05-2016;10;0; ;0;0;1194;
242817-1;23-05-2016;23-05-2016;;;CMS Dental ApS;9;0;T250126;Spacer ring;23-05-2016;23-05-2016;10;; ;1;80;KF-08;Overarbejde (alt overtid);23-05-2016;23-05-2016;10;0; ;0;0;1192;
242817-1;23-05-2016;23-05-2016;;;CMS Dental ApS;9;0;T250126;Spacer ring;23-05-2016;23-05-2016;10;; ;1;90;KF-Ø;Interne fejl og efterjustering U/B;23-05-2016;23-05-2016;10;0; ;0;0;1190;
242817-2;23-05-2016;23-05-2016;;;CMS Dental ApS;9;0;T250127;Outer ring;23-05-2016;23-05-2016;10;; ;1;10;KF-01;Opstart, evt.konstruktion, møder mm;23-05-2016;23-05-2016;10;0; ;0;0;1224;
242817-2;23-05-2016;23-05-2016;;;CMS Dental ApS;9;0;T250127;Outer ring;23-05-2016;23-05-2016;10;; ;1;20;KF-02;Evt.opspændingdorne, save m.m;23-05-2016;23-05-2016;10;0; ;0;0;1222;
242817-2;23-05-2016;23-05-2016;;;CMS Dental ApS;9;0;T250127;Outer ring;23-05-2016;23-05-2016;10;; ;1;30;KF-03;Programering (alt programmering);23-05-2016;23-05-2016;10;0; ;0;0;1220;
242817-2;23-05-2016;23-05-2016;;;CMS Dental ApS;9;0;T250127;Outer ring;23-05-2016;23-05-2016;10;; ;1;40;KF-04;Opstilling og indkøring CNC maskine;23-05-2016;23-05-2016;10;0; ;0;0;1218;
242817-2;23-05-2016;23-05-2016;;;CMS Dental ApS;9;0;T250127;Outer ring;23-05-2016;23-05-2016;10;; ;1;50;KF-05;Produktion - bemandet;23-05-2016;23-05-2016;10;0; ;0;0;1216;
242817-2;23-05-2016;23-05-2016;;;CMS Dental ApS;9;0;T250127;Outer ring;23-05-2016;23-05-2016;10;; ;1;60;KF-06;Produktion - ubemandet CNC maskine;23-05-2016;23-05-2016;10;0; ;0;0;1214;
242817-2;23-05-2016;23-05-2016;;;CMS Dental ApS;9;0;T250127;Outer ring;23-05-2016;23-05-2016;10;; ;1;70;KF-07;Opmålinger, slutkontrol, evt måling;23-05-2016;23-05-2016;10;0; ;0;0;1212;
242817-2;23-05-2016;23-05-2016;;;CMS Dental ApS;9;0;T250127;Outer ring;23-05-2016;23-05-2016;10;; ;1;80;KF-08;Overarbejde (alt overtid);23-05-2016;23-05-2016;10;0; ;0;0;1210;
242817-2;23-05-2016;23-05-2016;;;CMS Dental ApS;9;0;T250127;Outer ring;23-05-2016;23-05-2016;10;; ;1;90;KF-Ø;Interne fejl og efterjustering U/B;23-05-2016;23-05-2016;10;0; ;0;0;1208;
242817-3;23-05-2016;23-05-2016;;;CMS Dental ApS;9;0;T250128;Inner ring;23-05-2016;23-05-2016;10;; ;1;10;KF-01;Opstart, evt.konstruktion, møder mm;23-05-2016;23-05-2016;10;0; ;0;0;1242;
242817-3;23-05-2016;23-05-2016;;;CMS Dental ApS;9;0;T250128;Inner ring;23-05-2016;23-05-2016;10;; ;1;20;KF-02;Evt.opspændingdorne, save m.m;23-05-2016;23-05-2016;10;0; ;0;0;1240;
242817-3;23-05-2016;23-05-2016;;;CMS Dental ApS;9;0;T250128;Inner ring;23-05-2016;23-05-2016;10;; ;1;30;KF-03;Programering (alt programmering);23-05-2016;23-05-2016;10;0; ;0;0;1238;
242817-3;23-05-2016;23-05-2016;;;CMS Dental ApS;9;0;T250128;Inner ring;23-05-2016;23-05-2016;10;; ;1;40;KF-04;Opstilling og indkøring CNC maskine;23-05-2016;23-05-2016;10;0; ;0;0;1236;
242817-3;23-05-2016;23-05-2016;;;CMS Dental ApS;9;0;T250128;Inner ring;23-05-2016;23-05-2016;10;; ;1;50;KF-05;Produktion - bemandet;23-05-2016;23-05-2016;10;0; ;0;0;1234;
242817-3;23-05-2016;23-05-2016;;;CMS Dental ApS;9;0;T250128;Inner ring;23-05-2016;23-05-2016;10;; ;1;60;KF-06;Produktion - ubemandet CNC maskine;23-05-2016;23-05-2016;10;0; ;0;0;1232;
242817-3;23-05-2016;23-05-2016;;;CMS Dental ApS;9;0;T250128;Inner ring;23-05-2016;23-05-2016;10;; ;1;70;KF-07;Opmålinger, slutkontrol, evt måling;23-05-2016;23-05-2016;10;0; ;0;0;1230;
242817-3;23-05-2016;23-05-2016;;;CMS Dental ApS;9;0;T250128;Inner ring;23-05-2016;23-05-2016;10;; ;1;80;KF-08;Overarbejde (alt overtid);23-05-2016;23-05-2016;10;0; ;0;0;1228;
242817-3;23-05-2016;23-05-2016;;;CMS Dental ApS;9;0;T250128;Inner ring;23-05-2016;23-05-2016;10;; ;1;90;KF-Ø;Interne fejl og efterjustering U/B;23-05-2016;23-05-2016;10;0; ;0;0;1226;
242818-1;20-06-2016;20-06-2016;;;Grundfos  A/S;9;0;70221948;Fix - Drive shaft for P8 Core;20-06-2016;20-06-2016;1;; ;1;10;G01-1;Fremstilling og bearbejdning;20-06-2016;20-06-2016;1;0; ;0;0;1248;
242818-1;20-06-2016;20-06-2016;;;Grundfos  A/S;9;0;70221948;Fix - Drive shaft for P8 Core;20-06-2016;20-06-2016;1;; ;1;20;G01-2;Ubemandet maskintid;20-06-2016;20-06-2016;1;0; ;0;0;1246;
242818-1;20-06-2016;20-06-2016;;;Grundfos  A/S;9;0;70221948;Fix - Drive shaft for P8 Core;20-06-2016;20-06-2016;1;; ;1;30;G01-Ø;Interne fejl og efterjustering U/B;20-06-2016;20-06-2016;1;0; ;0;0;1244;
242818-2;07-06-2016;07-06-2016;;;Grundfos  A/S;9;0;70031550;Trippel holder/dup.;07-06-2016;07-06-2016;1;; ;1;10;G01-1;Fremstilling og bearbejdning;07-06-2016;07-06-2016;1;0; ;0;0;1254;
242818-2;07-06-2016;07-06-2016;;;Grundfos  A/S;9;0;70031550;Trippel holder/dup.;07-06-2016;07-06-2016;1;; ;1;20;G01-2;Ubemandet maskintid;07-06-2016;07-06-2016;1;0; ;0;0;1252;
242818-2;07-06-2016;07-06-2016;;;Grundfos  A/S;9;0;70031550;Trippel holder/dup.;07-06-2016;07-06-2016;1;; ;1;30;G01-Ø;Interne fejl og efterjustering U/B;07-06-2016;07-06-2016;1;0; ;0;0;1250;
242818-3;27-06-2016;27-06-2016;;;Grundfos  A/S;9;0;70222266;Slide 3 - Support;27-06-2016;27-06-2016;1;; ;1;10;G01-1;Fremstilling og bearbejdning;27-06-2016;27-06-2016;1;0; ;0;0;1260;
242818-3;27-06-2016;27-06-2016;;;Grundfos  A/S;9;0;70222266;Slide 3 - Support;27-06-2016;27-06-2016;1;; ;1;20;G01-2;Ubemandet maskintid;27-06-2016;27-06-2016;1;0; ;0;0;1258;
242818-3;27-06-2016;27-06-2016;;;Grundfos  A/S;9;0;70222266;Slide 3 - Support;27-06-2016;27-06-2016;1;; ;1;30;G01-Ø;Interne fejl og efterjustering U/B;27-06-2016;27-06-2016;1;0; ;0;0;1256;
242819;23-05-2016;23-05-2016;;;Grundfos  A/S;9;0;70098207;Mulig ændring af Insert Movable;23-05-2016;23-05-2016;1;; ;1;10;G01-1;Fremstilling og bearbejdning;23-05-2016;23-05-2016;1;0; ;0;0;1266;
242819;23-05-2016;23-05-2016;;;Grundfos  A/S;9;0;70098207;Mulig ændring af Insert Movable;23-05-2016;23-05-2016;1;; ;1;20;G01-2;Ubemandet maskintid;23-05-2016;23-05-2016;1;0; ;0;0;1264;
242819;23-05-2016;23-05-2016;;;Grundfos  A/S;9;0;70098207;Mulig ændring af Insert Movable;23-05-2016;23-05-2016;1;; ;1;30;G01-Ø;Interne fejl og efterjustering U/B;23-05-2016;23-05-2016;1;0; ;0;0;1262;
P500000;04-05-2016;04-05-2016;;;;9;0;242762;DV SRAM Cages;04-05-2016;04-05-2016;1;; ;1;10;C01-1;Fremstilling og bearbejdning;04-05-2016;04-05-2016;1;0; ;0;0;568;
P500000;04-05-2016;04-05-2016;;;;9;0;242762;DV SRAM Cages;04-05-2016;04-05-2016;1;; ;1;20;C01-2;Ubemandet maskintid;04-05-2016;04-05-2016;1;0; ;0;0;566;
P500000;04-05-2016;04-05-2016;;;;9;0;242762;DV SRAM Cages;04-05-2016;04-05-2016;1;; ;1;30;C01-Ø;Q-kort, fejl og efterjusteringer;04-05-2016;04-05-2016;1;0; ;0;0;564;
P500002;08-02-2017;23-02-2017;P10013;test;;9;0;210504 /2;Profilclips 2 mm hvid;08-02-2017;23-02-2017;100000;100000; ;4;5;PLS-01;Opstilling og materialehåndtering;08-02-2017;09-02-2017;100000;100000; ;7,89;6;1300;
P500002;08-02-2017;23-02-2017;P10013;test;;9;0;210504 /2;Profilclips 2 mm hvid;08-02-2017;23-02-2017;100000;100000; ;4;10;PLST-03;Ubemandet maskintid 25-50 tons mask;09-02-2017;16-02-2017;100000;100000; ;42,19;42,19;1298;
P500002;08-02-2017;23-02-2017;P10013;test;;9;0;210504 /2;Profilclips 2 mm hvid;08-02-2017;23-02-2017;100000;100000; ;4;20;ULEV;Underleverandør;17-02-2017;23-02-2017;100000;100000; ;1000,00 DKK;2000,00 DKK;1296;
TV250291;01-02-2017;07-02-2017;;;Outrup Vinduer A/S;9;0;NYT PLASTVKT;Nyt plaststøbe værktøj;01-02-2017;07-02-2017;1;1; ;4;10;VFA-01;Projekt opstart og konstruktion;01-02-2017;02-02-2017;1;1; ;15;0,72;1274;
TV250291;01-02-2017;07-02-2017;;;Outrup Vinduer A/S;9;0;NYT PLASTVKT;Nyt plaststøbe værktøj;01-02-2017;07-02-2017;1;1; ;4;20;FR;Fræse afdeling;02-02-2017;02-02-2017;1;1; ;5;0,13;1272;
TV250291;01-02-2017;07-02-2017;;;Outrup Vinduer A/S;9;0;NYT PLASTVKT;Nyt plaststøbe værktøj;01-02-2017;07-02-2017;1;1; ;4;30;GN;Gnist afdeling;03-02-2017;07-02-2017;1;1; ;12;2,55;1270;
TV250291;01-02-2017;07-02-2017;;;Outrup Vinduer A/S;9;0;NYT PLASTVKT;Nyt plaststøbe værktøj;01-02-2017;07-02-2017;1;1; ;4;40;PL;Plast afdeling;06-02-2017;07-02-2017;1;1; ;6;0,53;1268;
V250292;30-01-2017;03-02-2017;;;Outrup Vinduer A/S;9;0;NYT PLASTVKT;Nyt plaststøbe værktøj;27-01-2017;03-02-2017;1;; ;3;10;VFA-01;Projekt opstart og konstruktion;27-01-2017;31-01-2017;1;1; ;15;6;1282;
V250292;30-01-2017;03-02-2017;;;Outrup Vinduer A/S;9;0;NYT PLASTVKT;Nyt plaststøbe værktøj;27-01-2017;03-02-2017;1;; ;3;20;FR;Fræse afdeling;31-01-2017;31-01-2017;1;0; ;5;0;1280;
V250292;30-01-2017;03-02-2017;;;Outrup Vinduer A/S;9;0;NYT PLASTVKT;Nyt plaststøbe værktøj;27-01-2017;03-02-2017;1;; ;3;30;GN;Gnist afdeling;31-01-2017;02-02-2017;1;0; ;12;8,13;1278;
V250292;30-01-2017;03-02-2017;;;Outrup Vinduer A/S;9;0;NYT PLASTVKT;Nyt plaststøbe værktøj;27-01-2017;03-02-2017;1;; ;3;40;PL;Plast afdeling;02-02-2017;03-02-2017;1;0; ;6;0,13;1276;
V250293;27-01-2017;02-02-2017;;;Flex Trim A/S;9;0;NYT PLASTVKT;Nyt plaststøbe værktøj;24-01-2017;02-02-2017;1;; ;3;10;VFA-01;Projekt opstart og konstruktion;24-01-2017;26-01-2017;1;0; ;15;0;1290;
V250293;27-01-2017;02-02-2017;;;Flex Trim A/S;9;0;NYT PLASTVKT;Nyt plaststøbe værktøj;24-01-2017;02-02-2017;1;; ;3;20;FR;Fræse afdeling;26-01-2017;26-01-2017;1;0; ;5;0;1288;
V250293;27-01-2017;02-02-2017;;;Flex Trim A/S;9;0;NYT PLASTVKT;Nyt plaststøbe værktøj;24-01-2017;02-02-2017;1;; ;3;30;GN;Gnist afdeling;26-01-2017;30-01-2017;1;0; ;12;0;1286;
V250293;27-01-2017;02-02-2017;;;Flex Trim A/S;9;0;NYT PLASTVKT;Nyt plaststøbe værktøj;24-01-2017;02-02-2017;1;; ;3;40;PL;Plast afdeling;30-01-2017;02-02-2017;1;0; ;25;0,13;1284;
