cc_io_nr;posnr;cc_kor_hartnr;ko_nr;k_kod;k_namn;ko_status;ko_konr;ko_gods1;kor_rtyp;kor_artnr;kor_txt;kor_spris;kor_rab;kor_ant;kor_lant;kor_rant;kont_knt_konto;ko_nr;kor_rad;cc_txt;kor_ldat;kor_uldat;cc_spris;cc_belopp;cc_lperiod;kor_pos;kor_otyp;kor_frityp;kor_pl_ant;kor_vdat;cc_lperiod_vdat;cc_lperiod_uldat;ko_andrad_av;ko_andrad_nar;kor_rev;ko_kref;cc_tele;cc_exp_order;cc_rub_serienr;kor_tonr;kor_id;cc_number_of_orders;kfg_nr;kor_konr;kor_kanban
;1;;242723;32573000;CMS Dental ApS;2;;;4;;sssssssssssssssssssssssssssssssssssssssssssssssssssssssssssssssssssssssssssssss;0;0;1;0;1;;242723;1;sssssssssssssssssssssssssssssssssssssssssssssssssssssssssssssssssssssssssssssss;01-05-2017 00:00:00;01-05-2017 00:00:00;0;0;01-05-2017;1;0;1;;;??????;01-05-2017;MM;18-04-2017 14:54:59,377;;Susanne Nielsen;;0;Ser.nr;;6078;;;;
;1;;242723;32573000;CMS Dental ApS;2;;;4;;sssssssssssssssssssssssssssssssssssssssssssssssssssssssssssssssssssssssssssssss;0;0;1;0;1;;242723;2;sssssssssssssssssssssssssssssssssssssssssssssssssssssssssssssssssssssssssssssss;01-05-2017 00:00:00;01-05-2017 00:00:00;0;0;01-05-2017;1;0;1;;;??????;01-05-2017;MM;18-04-2017 14:54:59,377;;Susanne Nielsen;;0;Ser.nr;;6079;;;;
;1;;242723;32573000;CMS Dental ApS;2;;;4;;ss;0;0;1;0;1;;242723;3;ss;01-05-2017 00:00:00;01-05-2017 00:00:00;0;0;01-05-2017;1;0;1;;;??????;01-05-2017;MM;18-04-2017 14:54:59,377;;Susanne Nielsen;;0;Ser.nr;;6080;;;;
;1;242723;242723;32573000;CMS Dental ApS;2;;;1;242723;Nyt design på håndtag;0;0;3;0;3;1012;242723;4;Nyt design på håndtag;01-05-2017 00:00:00;01-05-2017 00:00:00;0;0;01-05-2017;1;0;1;;;??????;01-05-2017;MM;18-04-2017 14:54:59,377;;Susanne Nielsen;;0;Ser.nr;;257;;;;
;1;;242723;32573000;CMS Dental ApS;2;;;4;;;0;0;1;0;1;;242723;5;;01-05-2017 00:00:00;01-05-2017 00:00:00;0;0;01-05-2017;1;0;1;;;??????;01-05-2017;MM;18-04-2017 14:54:59,377;;Susanne Nielsen;;0;Ser.nr;;5888;;;;
;2;FU040;242723;32573000;CMS Dental ApS;2;;;1;FU040;Forsendelse til Bodycote d. 29/3;268,75;0;1;0;1;2029;242723;6;Forsendelse til Bodycote d. 29/3;01-05-2017 00:00:00;01-05-2017 00:00:00;268,75;268,75;01-05-2017;2;0;1;;;??????;01-05-2017;MM;18-04-2017 14:54:59,377;;Susanne Nielsen;;0;Ser.nr;;5889;;;;
;1;;243066;97421500;Kastrup;2;;;2;;4 nye emner;0;0;1;0;1;1012;243066;1;4 nye emner;01-05-2017 00:00:00;01-05-2017 00:00:00;0;0;01-05-2017;1;0;1;;;??????;01-05-2017;MM;03-04-2017 15:03:05,139;;Søren Alsbjerg;30782212;0;Ser.nr;;5252;;;;
;1;;243385;3092014;Kadicma ApS;2;;;2;;udvikling/opstart af nye emner;0;0;1;0;1;1012;243385;1;udvikling/opstart af nye emner;12-04-2017 00:00:00;12-04-2017 00:00:00;0;0;12-04-2017;1;0;1;;;??????;12-04-2017;MM;12-04-2017 12:59:58,495;;Poul Erik Jespersen;;0;Ser.nr;;6075;;;;
;1;S250241;243454;87501400;Grundfos  A/S;2;4509798888;;1;S250241;us.263483;0;0;1;0;1;1011;243454;1;us.263483;01-05-2017 00:00:00;01-05-2017 00:00:00;0;0;01-05-2017;1;0;1;;;??????;01-05-2017;MM;03-04-2017 14:32:00,204;;TNP - Thomas Nygaard Pedersen;;0;Ser.nr;;4532;;;;
;1;S250241;243454;87501400;Grundfos  A/S;2;4509798888;;4;S250241;Hoved rep. af up15 fra G46 til G54;0;0;1;0;1;;243454;2;Hoved rep. af up15 fra G46 til G54;01-05-2017 00:00:00;01-05-2017 00:00:00;0;0;01-05-2017;1;0;1;;;??????;01-05-2017;MM;03-04-2017 14:32:00,204;;TNP - Thomas Nygaard Pedersen;;0;Ser.nr;;4533;;;;
;1;;243472;42125821;Medicom Innovation Partner A/S;2;;;4;;EAGLE;0;0;1;0;1;;243472;1;EAGLE;01-05-2017 00:00:00;01-05-2017 00:00:00;0;0;01-05-2017;1;0;1;;;??????;01-05-2017;MM;23-03-2017 14:10:56,344;;Henrik Hougaard Vilstruo;;0;Ser.nr;;5251;;;;
;1;;243472;42125821;Medicom Innovation Partner A/S;2;;;2;;DFM og emnemodning;0;0;1;0;1;1012;243472;2;DFM og emnemodning;01-05-2017 00:00:00;01-05-2017 00:00:00;0;0;01-05-2017;1;0;1;;;??????;01-05-2017;MM;23-03-2017 14:10:56,344;;Henrik Hougaard Vilstruo;;0;Ser.nr;;5250;;;;
;1;TV250505;243562;42125821;Medicom Innovation Partner A/S;2;10724-1;;1;TV250505;Tool 13131329, Disposable;102000;0;1;0;1;1012;243562;1;Tool 13131329, Disposable;05-04-2017 00:00:00;05-04-2017 00:00:00;102000;102000;05-04-2017;1;0;1;;;??????;05-04-2017;ADMIN;12-04-2017 13:01:56,539;;Gitte Holmgaard Dale;;0;Ser.nr;;5737;;;;
;1;TV250505;243562;42125821;Medicom Innovation Partner A/S;2;10724-1;;4;TV250505;Upper Shell, EHV;0;0;1;0;1;;243562;2;Upper Shell, EHV;05-04-2017 00:00:00;05-04-2017 00:00:00;0;0;05-04-2017;1;0;1;;;??????;05-04-2017;ADMIN;12-04-2017 13:01:56,539;;Gitte Holmgaard Dale;;0;Ser.nr;;5738;;;;
;1;TV250505;243562;42125821;Medicom Innovation Partner A/S;2;10724-1;;4;TV250505;Drawing version;0;0;1;0;1;;243562;3;Drawing version;05-04-2017 00:00:00;05-04-2017 00:00:00;0;0;05-04-2017;1;0;1;;;??????;05-04-2017;ADMIN;12-04-2017 13:01:56,539;;Gitte Holmgaard Dale;;0;Ser.nr;;5739;;;;
;1;TV250505;243562;42125821;Medicom Innovation Partner A/S;2;10724-1;;4;TV250505;13131329_00_1.10;0;0;1;0;1;;243562;4;13131329_00_1.10;05-04-2017 00:00:00;05-04-2017 00:00:00;0;0;05-04-2017;1;0;1;;;??????;05-04-2017;ADMIN;12-04-2017 13:01:56,539;;Gitte Holmgaard Dale;;0;Ser.nr;;5740;;;;
;1;;243579;09272016;TKT electronics;2;;;2;;Fotoætse formparter;0;0;1;0;1;1012;243579;1;Fotoætse formparter;01-05-2017 00:00:00;01-05-2017 00:00:00;0;0;01-05-2017;1;0;1;;;??????;01-05-2017;MM;23-03-2017 14:09:21,012;;Tommy Korsholt;;0;Ser.nr;;5087;;;;
;1;;243579;09272016;TKT electronics;2;;;4;;Fotoætse Top, Bund og Snude;0;0;1;0;1;;243579;2;Fotoætse Top, Bund og Snude;01-05-2017 00:00:00;01-05-2017 00:00:00;0;0;01-05-2017;1;0;1;;;??????;01-05-2017;MM;23-03-2017 14:09:21,012;;Tommy Korsholt;;0;Ser.nr;;5088;;;;
;1;;243580;09272016;TKT electronics;2;;;4;;Oplader Top - ændres;0;0;1;0;1;;243580;1;Oplader Top - ændres;03-04-2017 00:00:00;03-04-2017 00:00:00;0;0;03-04-2017;1;0;1;;;??????;03-04-2017;MM;12-04-2017 13:18:11,786;;Susanne Bjerregaard Kaae;97512620;0;Ser.nr;;6076;;;;
;1;;243580;09272016;TKT electronics;2;;;2;;Omfattende ændringer i Værktøj for Hånd;0;0;1;0;1;1012;243580;2;Omfattende ændringer i Værktøj for Hånd;03-04-2017 00:00:00;03-04-2017 00:00:00;0;0;03-04-2017;1;0;1;;;??????;03-04-2017;MM;12-04-2017 13:18:11,786;;Susanne Bjerregaard Kaae;97512620;0;Ser.nr;;6077;;;;
;1;TV250363;243599;98632444;Outline Vinduer A/S;2;;;1;TV250363;Ny fremstilling af værktøj;69000;0;1;0;1;1012;243599;1;Ny fremstilling af værktøj;12-04-2017 00:00:00;12-04-2017 00:00:00;69000;69000;12-04-2017;1;0;1;;;??????;12-04-2017;MM;24-02-2017 13:36:00,659;;Bjarke Kirk Jensen;96979776;0;Ser.nr;;5182;;;;
;1;TV250363;243599;98632444;Outline Vinduer A/S;2;;;4;TV250363;Glaslisteklods 243283 bund;0;0;1;0;1;;243599;2;Glaslisteklods 243283 bund;12-04-2017 00:00:00;12-04-2017 00:00:00;0;0;12-04-2017;1;0;1;;;??????;12-04-2017;MM;24-02-2017 13:36:00,659;;Bjarke Kirk Jensen;96979776;0;Ser.nr;;5183;;;;
;1;TV250363;243599;98632444;Outline Vinduer A/S;2;;;4;TV250363;Værktøjløsning for Glaslisteklods med kullisser;0;0;1;0;1;;243599;3;Værktøjløsning for Glaslisteklods med kullisser;12-04-2017 00:00:00;12-04-2017 00:00:00;0;0;12-04-2017;1;0;1;;;??????;12-04-2017;MM;24-02-2017 13:36:00,659;;Bjarke Kirk Jensen;96979776;0;Ser.nr;;5184;;;;
;1;TV250364;243600;98632444;Outline Vinduer A/S;2;;;1;TV250364;Ny fremstilling af værktøj;65000;0;1;0;1;1012;243600;1;Ny fremstilling af værktøj;12-04-2017 00:00:00;12-04-2017 00:00:00;65000;65000;12-04-2017;1;0;1;;;??????;12-04-2017;MM;24-02-2017 13:40:22,502;;Bjarke Kirk Jensen;96979776;0;Ser.nr;;5185;;;;
;1;TV250364;243600;98632444;Outline Vinduer A/S;2;;;4;TV250364;Glaslisteklods 243331 top/side;0;0;1;0;1;;243600;2;Glaslisteklods 243331 top/side;12-04-2017 00:00:00;12-04-2017 00:00:00;0;0;12-04-2017;1;0;1;;;??????;12-04-2017;MM;24-02-2017 13:40:22,502;;Bjarke Kirk Jensen;96979776;0;Ser.nr;;5186;;;;
;1;TV250364;243600;98632444;Outline Vinduer A/S;2;;;4;TV250364;Værktøjløsning for Glaslisteklods med kullisser;0;0;1;0;1;;243600;3;Værktøjløsning for Glaslisteklods med kullisser;12-04-2017 00:00:00;12-04-2017 00:00:00;0;0;12-04-2017;1;0;1;;;??????;12-04-2017;MM;24-02-2017 13:40:22,502;;Bjarke Kirk Jensen;96979776;0;Ser.nr;;5187;;;;
;1;T250370;243602;97721266;Malte Haaning Plastic A/S;2;;;1;T250370;Sekskant stift plade;2800;0;1;0;1;1010;243602;1;Sekskant stift plade;27-03-2017 00:00:00;27-03-2017 00:00:00;2800;2800;27-03-2017;1;0;1;;;??????;27-03-2017;MM;22-03-2017 10:17:38,934;;Jens Houmøller;97721266;0;Ser.nr;;5196;;;;
;1;T250370;243602;97721266;Malte Haaning Plastic A/S;2;;;4;T250370;optegning og 3 D print af midi-sekskant;0;0;1;0;1;;243602;2;optegning og 3 D print af midi-sekskant;27-03-2017 00:00:00;27-03-2017 00:00:00;0;0;27-03-2017;1;0;1;;;??????;27-03-2017;MM;22-03-2017 10:17:38,934;;Jens Houmøller;97721266;0;Ser.nr;;5197;;;;
;1;T250390;243612;8052013;PR Electronics A/S;2;;;1;T250390;Ændring af Bracket for support;0;0;1;0;1;1012;243612;1;Ændring af Bracket for support;06-04-2017 00:00:00;06-04-2017 00:00:00;0;0;06-04-2017;1;0;1;;;??????;06-04-2017;MM;29-03-2017 15:59:58,124;;Knud Gade Nielsen;;0;Ser.nr;;5306;;;;
;2;FU040;243612;8052013;PR Electronics A/S;2;;;1;FU040;Fragt m. Interfjord d. 29/3;30;0;1;0;1;2029;243612;2;Fragt m. Interfjord d. 29/3;06-04-2017 00:00:00;06-04-2017 00:00:00;30;30;06-04-2017;2;0;1;;;??????;06-04-2017;MM;29-03-2017 15:59:58,124;;Knud Gade Nielsen;;0;Ser.nr;;5892;;;;
;1;S250389;243614;97141822;V.J. Kabel ApS;2;;;1;S250389;Ændring af værktøjer efter aftale;0;0;1;0;1;1011;243614;1;Ændring af værktøjer efter aftale;01-05-2017 00:00:00;01-05-2017 00:00:00;0;0;01-05-2017;1;0;1;;;??????;01-05-2017;MM;03-04-2017 14:32:14,364;;Jesper Jakobsen;;0;Ser.nr;;5305;;;;
;1;T250396;243619;09272016;TKT electronics;2;;;1;T250396;Ny snude;25000;0;1;0;1;1012;243619;1;Ny snude;07-04-2017 00:00:00;07-04-2017 00:00:00;25000;25000;07-04-2017;1;0;1;;;??????;07-04-2017;MM;07-03-2017 12:52:31,619;;Tommy Korsholt;;0;Ser.nr;;5343;;;;
;1;T250396;243619;09272016;TKT electronics;2;;;4;T250396;Ny snude iht. fil fra martin 6/3;0;0;1;0;1;;243619;2;Ny snude iht. fil fra martin 6/3;07-04-2017 00:00:00;07-04-2017 00:00:00;0;0;07-04-2017;1;0;1;;;??????;07-04-2017;MM;07-03-2017 12:52:31,619;;Tommy Korsholt;;0;Ser.nr;;5344;;;;
;1;T250396;243619;09272016;TKT electronics;2;;;4;T250396;;0;0;1;0;1;;243619;3;;07-04-2017 00:00:00;07-04-2017 00:00:00;0;0;07-04-2017;1;0;1;;;??????;07-04-2017;MM;07-03-2017 12:52:31,619;;Tommy Korsholt;;0;Ser.nr;;5345;;;;
;1;T250396;243619;09272016;TKT electronics;2;;;4;T250396;Intern note:;0;0;1;0;1;;243619;4;Intern note:;07-04-2017 00:00:00;07-04-2017 00:00:00;0;0;07-04-2017;1;0;1;;;??????;07-04-2017;MM;07-03-2017 12:52:31,619;;Tommy Korsholt;;0;Ser.nr;;5346;;;;
;1;T250396;243619;09272016;TKT electronics;2;;;4;T250396;Der bliver lidt omkring hvem der skal betale hvad.;0;0;1;0;1;;243619;5;Der bliver lidt omkring hvem der skal betale hvad.;07-04-2017 00:00:00;07-04-2017 00:00:00;0;0;07-04-2017;1;0;1;;;??????;07-04-2017;MM;07-03-2017 12:52:31,619;;Tommy Korsholt;;0;Ser.nr;;5347;;;;
;1;243391;243627;27120755B;GloVac ApS;2;;;1;243391;Gummisko;0;0;1000;0;1000;1013;243627;1;Gummisko;16-04-2017 00:00:00;16-04-2017 00:00:00;0;0;16-04-2017;1;0;1;;;??????;16-04-2017;MM;16-03-2017 12:56:17,615;;Jan Erik Vest;+45 20 20 33 25;0;Ser.nr;;5390;;;;
;1;;243627;27120755B;GloVac ApS;2;;;4;;;0;0;1;0;1;;243627;2;;16-04-2017 00:00:00;16-04-2017 00:00:00;0;0;16-04-2017;1;0;1;;;??????;16-04-2017;MM;16-03-2017 12:56:17,615;;Jan Erik Vest;+45 20 20 33 25;0;Ser.nr;;5391;;;;
;1;;243627;27120755B;GloVac ApS;2;;;4;;Intern note:;0;0;1;0;1;;243627;3;Intern note:;16-04-2017 00:00:00;16-04-2017 00:00:00;0;0;16-04-2017;1;0;1;;;??????;16-04-2017;MM;16-03-2017 12:56:17,615;;Jan Erik Vest;+45 20 20 33 25;0;Ser.nr;;5392;;;;
;1;;243627;27120755B;GloVac ApS;2;;;4;;Denne ordre er på timebasis;0;0;1;0;1;;243627;4;Denne ordre er på timebasis;16-04-2017 00:00:00;16-04-2017 00:00:00;0;0;16-04-2017;1;0;1;;;??????;16-04-2017;MM;16-03-2017 12:56:17,615;;Jan Erik Vest;+45 20 20 33 25;0;Ser.nr;;5393;;;;
;1;T250419;243635;42125821;Medicom Innovation Partner A/S;2;;;1;T250419;Rep Cover;0;0;1;0;1;1012;243635;1;Rep Cover;10-04-2017 00:00:00;10-04-2017 00:00:00;0;0;10-04-2017;1;0;1;;;??????;10-04-2017;MM;11-03-2017 17:11:08,634;;Sven Erik Poulsen;70301600;0;Ser.nr;;5456;;;;
;1;T250419;243635;42125821;Medicom Innovation Partner A/S;2;;;4;T250419;Rep efter 40/40;0;0;1;0;1;;243635;2;Rep efter 40/40;10-04-2017 00:00:00;10-04-2017 00:00:00;0;0;10-04-2017;1;0;1;;;??????;10-04-2017;MM;11-03-2017 17:11:08,634;;Sven Erik Poulsen;70301600;0;Ser.nr;;5457;;;;
;1;TV250421;243637;97721266;Malte Haaning Plastic A/S;2;;;1;TV250421;Midi-sekskant med samlefunktion;99000;0;1;0;1;1012;243637;1;Midi-sekskant med samlefunktion;29-04-2017 00:00:00;29-04-2017 00:00:00;99000;99000;29-04-2017;1;0;1;;;??????;29-04-2017;MM;11-03-2017 17:28:12,268;;Jens Houmøller;97721266;0;Ser.nr;;5464;;;;
;1;TV250421;243637;97721266;Malte Haaning Plastic A/S;2;;;4;TV250421;Art nr. 329;0;0;1;0;1;;243637;2;Art nr. 329;29-04-2017 00:00:00;29-04-2017 00:00:00;0;0;29-04-2017;1;0;1;;;??????;29-04-2017;MM;11-03-2017 17:28:12,268;;Jens Houmøller;97721266;0;Ser.nr;;5465;;;;
;1;S250439;243645;87501400;Grundfos  A/S;2;4509962394;;1;S250439;Service af us.513606;0;0;1;0;1;1011;243645;1;Service af us.513606;04-04-2017 00:00:00;04-04-2017 00:00:00;0;0;04-04-2017;1;0;1;;;??????;04-04-2017;MM;14-03-2017 14:38:19,442;;JYJ - Johnny Jensen;;0;Ser.nr;;5520;;;;
;2;S250440;243645;87501400;Grundfos  A/S;2;4509962394;;1;S250440;Service af us.545551;0;0;1;0;1;1011;243645;2;Service af us.545551;17-04-2017 00:00:00;17-04-2017 00:00:00;0;0;17-04-2017;2;0;1;;;??????;17-04-2017;MM;14-03-2017 14:38:19,442;;JYJ - Johnny Jensen;;0;Ser.nr;;5521;;;;
;3;S250441;243645;87501400;Grundfos  A/S;2;4509962394;;1;S250441;Service af us.540923;0;0;1;0;1;1011;243645;3;Service af us.540923;01-05-2017 00:00:00;01-05-2017 00:00:00;0;0;01-05-2017;3;0;1;;;??????;01-05-2017;MM;14-03-2017 14:38:19,442;;JYJ - Johnny Jensen;;0;Ser.nr;;5522;;;;
;1;TV250444;243648;13102015;Sintex a/s;2;I014113-1;;1;TV250444;Fremstilling af vrkt S012 til;228000;0;1;0;1;1012;243648;1;Fremstilling af vrkt S012 til;15-05-2017 00:00:00;15-05-2017 00:00:00;228000;228000;15-05-2017;1;0;1;;;??????;15-05-2017;MM;15-03-2017 12:55:47,24;;Lars Krogh Christensen;;0;Ser.nr;;5548;;;;
;1;TV250444;243648;13102015;Sintex a/s;2;I014113-1;;4;TV250444;emne Coupling UP28e.;0;0;1;0;1;;243648;2;emne Coupling UP28e.;15-05-2017 00:00:00;15-05-2017 00:00:00;0;0;15-05-2017;1;0;1;;;??????;15-05-2017;MM;15-03-2017 12:55:47,24;;Lars Krogh Christensen;;0;Ser.nr;;5549;;;;
;1;TV250444;243648;13102015;Sintex a/s;2;I014113-1;;4;TV250444;Deres varenr:  K-projekt;0;0;1;0;1;;243648;3;Deres varenr:  K-projekt;15-05-2017 00:00:00;15-05-2017 00:00:00;0;0;15-05-2017;1;0;1;;;??????;15-05-2017;MM;15-03-2017 12:55:47,24;;Lars Krogh Christensen;;0;Ser.nr;;5550;;;;
;1;T250478;243660;09272016;TKT electronics;2;;;1;T250478;Ændring af reflektor;0;0;1;0;1;1012;243660;1;Ændring af reflektor;30-04-2017 00:00:00;30-04-2017 00:00:00;0;0;30-04-2017;1;0;1;;;??????;30-04-2017;MM;21-03-2017 14:30:08,713;;Tommy Korsholt;;0;Ser.nr;;5653;;;;
;1;T250478;243660;09272016;TKT electronics;2;;;4;T250478;Indløb og fordeler skal øges;0;0;1;0;1;;243660;2;Indløb og fordeler skal øges;30-04-2017 00:00:00;30-04-2017 00:00:00;0;0;30-04-2017;1;0;1;;;??????;30-04-2017;MM;21-03-2017 14:30:08,713;;Tommy Korsholt;;0;Ser.nr;;5654;;;;
;1;T250466;243661;09272016;TKT electronics;2;;;1;T250466;Ændring af indløb snout;0;0;1;0;1;1012;243661;1;Ændring af indløb snout;30-04-2017 00:00:00;30-04-2017 00:00:00;0;0;30-04-2017;1;0;1;;;??????;30-04-2017;MM;21-03-2017 08:17:16,745;;Tommy Korsholt;;0;Ser.nr;;5636;;;;
;1;T250496;243676;09272016;TKT electronics;2;;;1;T250496;Top - Værktøj kan ikke lukke;0;0;1;0;1;1012;243676;1;Top - Værktøj kan ikke lukke;23-04-2017 00:00:00;23-04-2017 00:00:00;0;0;23-04-2017;1;0;1;;;??????;23-04-2017;MM;24-03-2017 07:36:45,724;;Tommy Korsholt;;0;Ser.nr;;5718;;;;
;1;T250496;243676;09272016;TKT electronics;2;;;4;T250496;Værktøjet kan ikke lukke, der kommer finner ned langs siden;0;0;1;0;1;;243676;2;Værktøjet kan ikke lukke, der kommer finner ned langs siden;23-04-2017 00:00:00;23-04-2017 00:00:00;0;0;23-04-2017;1;0;1;;;??????;23-04-2017;MM;24-03-2017 07:36:45,724;;Tommy Korsholt;;0;Ser.nr;;5719;;;;
;1;T250518;243677;42125821;Medicom Innovation Partner A/S;2;10860-1;;1;T250518;Tooling modification - 13132013;41784;0;1;0;1;1012;243677;1;Tooling modification - 13132013;05-04-2017 00:00:00;05-04-2017 00:00:00;41784;41784;05-04-2017;1;0;1;;;??????;05-04-2017;MM;24-03-2017 11:23:44,694;;Gitte Holmgaard Dale;;0;Ser.nr;;5761;;;;
;1;T250518;243677;42125821;Medicom Innovation Partner A/S;2;10860-1;;4;T250518;Cover - from 10 of Oct. 2016;0;0;1;0;1;;243677;2;Cover - from 10 of Oct. 2016;05-04-2017 00:00:00;05-04-2017 00:00:00;0;0;05-04-2017;1;0;1;;;??????;05-04-2017;MM;24-03-2017 11:23:44,694;;Gitte Holmgaard Dale;;0;Ser.nr;;5762;;;;
;1;T250518;243677;42125821;Medicom Innovation Partner A/S;2;10860-1;;4;T250518;Lead-time 3 weeks incl. delivery;0;0;1;0;1;;243677;3;Lead-time 3 weeks incl. delivery;05-04-2017 00:00:00;05-04-2017 00:00:00;0;0;05-04-2017;1;0;1;;;??????;05-04-2017;MM;24-03-2017 11:23:44,694;;Gitte Holmgaard Dale;;0;Ser.nr;;5763;;;;
;1;T250518;243677;42125821;Medicom Innovation Partner A/S;2;10860-1;;4;T250518;of FOT;0;0;1;0;1;;243677;4;of FOT;05-04-2017 00:00:00;05-04-2017 00:00:00;0;0;05-04-2017;1;0;1;;;??????;05-04-2017;MM;24-03-2017 11:23:44,694;;Gitte Holmgaard Dale;;0;Ser.nr;;5764;;;;
;1;S250519;243680;96142600;Vikan A/S;2;V7771-7775 Kassette;;1;S250519;V7771-7775 Kassette;0;0;1;0;1;1011;243680;1;V7771-7775 Kassette;01-05-2017 00:00:00;01-05-2017 00:00:00;0;0;01-05-2017;1;0;1;;;??????;01-05-2017;MM;27-03-2017 08:21:47,34;;Jørgen Lauridsen;96142645;0;Ser.nr;;5770;;;;
;1;S250519;243680;96142600;Vikan A/S;2;V7771-7775 Kassette;;4;S250519;(fremstilling af nye pasbolte til udstøder sektion);0;0;1;0;1;;243680;2;(fremstilling af nye pasbolte til udstøder sektion);01-05-2017 00:00:00;01-05-2017 00:00:00;0;0;01-05-2017;1;0;1;;;??????;01-05-2017;MM;27-03-2017 08:21:47,34;;Jørgen Lauridsen;96142645;0;Ser.nr;;5771;;;;
;1;S250519;243680;96142600;Vikan A/S;2;V7771-7775 Kassette;;4;S250519;Fremstilling af 6. stk nye pasbolte –;0;0;1;0;1;;243680;3;Fremstilling af 6. stk nye pasbolte –;01-05-2017 00:00:00;01-05-2017 00:00:00;0;0;01-05-2017;1;0;1;;;??????;01-05-2017;MM;27-03-2017 08:21:47,34;;Jørgen Lauridsen;96142645;0;Ser.nr;;5772;;;;
;1;S250519;243680;96142600;Vikan A/S;2;V7771-7775 Kassette;;4;S250519;disse fremstilles i impax og derefter gasnitreres.;0;0;1;0;1;;243680;4;disse fremstilles i impax og derefter gasnitreres.;01-05-2017 00:00:00;01-05-2017 00:00:00;0;0;01-05-2017;1;0;1;;;??????;01-05-2017;MM;27-03-2017 08:21:47,34;;Jørgen Lauridsen;96142645;0;Ser.nr;;5773;;;;
;1;242216 /IN;243681;97402544;CeramicSpeed;2;270317-P1-TTL;;1;242216 /IN;OSPW cage in - Shimano;8,99;0;1000;0;1000;1013;243681;1;OSPW cage in - Shimano;28-04-2017 00:00:00;28-04-2017 00:00:00;8,99;8990;28-04-2017;1;0;1;;;??????;28-04-2017;MM;27-03-2017 08:36:17,503;;Thomas Lynderup;22984412;0;Ser.nr;;5774;;;;
;1;242216 /IN;243681;97402544;CeramicSpeed;2;270317-P1-TTL;;4;242216 /IN;Deres varenr:  CES0049;0;0;1;0;1;;243681;2;Deres varenr:  CES0049;28-04-2017 00:00:00;28-04-2017 00:00:00;0;0;28-04-2017;1;0;1;;;??????;28-04-2017;MM;27-03-2017 08:36:17,503;;Thomas Lynderup;22984412;0;Ser.nr;;5775;;;;
;2;242216 /OUT;243681;97402544;CeramicSpeed;2;270317-P1-TTL;;1;242216 /OUT;OSPW cage out - Shimano;56,88;0;1000;0;1000;1013;243681;3;OSPW cage out - Shimano;28-04-2017 00:00:00;28-04-2017 00:00:00;56,88;56880;28-04-2017;2;0;1;;;??????;28-04-2017;MM;27-03-2017 08:36:17,503;;Thomas Lynderup;22984412;0;Ser.nr;;5776;;;;
;2;242216 /OUT;243681;97402544;CeramicSpeed;2;270317-P1-TTL;;4;242216 /OUT;Incl. M-Pind (CES0051);0;0;1;0;1;;243681;4;Incl. M-Pind (CES0051);28-04-2017 00:00:00;28-04-2017 00:00:00;0;0;28-04-2017;2;0;1;;;??????;28-04-2017;MM;27-03-2017 08:36:17,503;;Thomas Lynderup;22984412;0;Ser.nr;;5777;;;;
;2;242216 /OUT;243681;97402544;CeramicSpeed;2;270317-P1-TTL;;4;242216 /OUT;Deres varenr:  CES0050;0;0;1;0;1;;243681;5;Deres varenr:  CES0050;28-04-2017 00:00:00;28-04-2017 00:00:00;0;0;28-04-2017;2;0;1;;;??????;28-04-2017;MM;27-03-2017 08:36:17,503;;Thomas Lynderup;22984412;0;Ser.nr;;5778;;;;
;1;T250524;243684;97402544;CeramicSpeed;2;;;1;T250524;Test Ang. Brud på Cage;0;0;1;0;1;1012;243684;1;Test Ang. Brud på Cage;29-03-2017 00:00:00;29-03-2017 00:00:00;0;0;29-03-2017;1;0;1;;;??????;29-03-2017;MM;27-03-2017 13:05:06,228;;Carsten Ebbesen;40347444;0;Ser.nr;;5782;;;;
;1;70074486;243688;87501400;Grundfos  A/S;2;4509997944;;1;70074486;Kugleholderring bronze Ø26;710;0;10;0;10;1012;243688;1;Kugleholderring bronze Ø26;18-04-2017 00:00:00;18-04-2017 00:00:00;710;7100;18-04-2017;1;0;1;;;??????;18-04-2017;MM;28-03-2017 08:35:27,425;;Charlotte Hemdorff;;0;Ser.nr;;5797;;;;
;1;70074486;243688;87501400;Grundfos  A/S;2;4509997944;;4;70074486;DREJE - FRÆSE;0;0;1;0;1;;243688;2;DREJE - FRÆSE;18-04-2017 00:00:00;18-04-2017 00:00:00;0;0;18-04-2017;1;0;1;;;??????;18-04-2017;MM;28-03-2017 08:35:27,425;;Charlotte Hemdorff;;0;Ser.nr;;5798;;;;
;1;T250534;243689;42125821;Medicom Innovation Partner A/S;2;10842-2;;1;T250534;13132007, Tooling changes;71280;0;1;0;1;1012;243689;1;13132007, Tooling changes;17-04-2017 00:00:00;17-04-2017 00:00:00;71280;71280;17-04-2017;1;0;1;;;??????;17-04-2017;MM;28-03-2017 09:57:02,289;;Gitte Holmgaard Dale;;0;Ser.nr;;5799;;;;
;1;T250534;243689;42125821;Medicom Innovation Partner A/S;2;10842-2;;4;T250534;according to version 8.9;0;0;1;0;1;;243689;2;according to version 8.9;17-04-2017 00:00:00;17-04-2017 00:00:00;0;0;17-04-2017;1;0;1;;;??????;17-04-2017;MM;28-03-2017 09:57:02,289;;Gitte Holmgaard Dale;;0;Ser.nr;;5800;;;;
;1;T250534;243689;42125821;Medicom Innovation Partner A/S;2;10842-2;;4;T250534;Tooling modification cost 71.280;0;0;1;0;1;;243689;3;Tooling modification cost 71.280;17-04-2017 00:00:00;17-04-2017 00:00:00;0;0;17-04-2017;1;0;1;;;??????;17-04-2017;MM;28-03-2017 09:57:02,289;;Gitte Holmgaard Dale;;0;Ser.nr;;5801;;;;
;1;T250534;243689;42125821;Medicom Innovation Partner A/S;2;10842-2;;4;T250534;kr. incl. delivery of 25 pcs. of FOT;0;0;1;0;1;;243689;4;kr. incl. delivery of 25 pcs. of FOT;17-04-2017 00:00:00;17-04-2017 00:00:00;0;0;17-04-2017;1;0;1;;;??????;17-04-2017;MM;28-03-2017 09:57:02,289;;Gitte Holmgaard Dale;;0;Ser.nr;;5802;;;;
;1;T250534;243689;42125821;Medicom Innovation Partner A/S;2;10842-2;;4;T250534;Lead-time 3 weeks;0;0;1;0;1;;243689;5;Lead-time 3 weeks;17-04-2017 00:00:00;17-04-2017 00:00:00;0;0;17-04-2017;1;0;1;;;??????;17-04-2017;MM;28-03-2017 09:57:02,289;;Gitte Holmgaard Dale;;0;Ser.nr;;5803;;;;
;1;T250534;243689;42125821;Medicom Innovation Partner A/S;2;10842-2;;4;T250534;Deres varenr:  P-04;0;0;1;0;1;;243689;6;Deres varenr:  P-04;17-04-2017 00:00:00;17-04-2017 00:00:00;0;0;17-04-2017;1;0;1;;;??????;17-04-2017;MM;28-03-2017 09:57:02,289;;Gitte Holmgaard Dale;;0;Ser.nr;;5804;;;;
;1;T250536;243690;87501400;Grundfos  A/S;2;4509999566;;1;T250536;V7166727;0;0;1;0;1;1012;243690;1;V7166727;29-03-2017 00:00:00;29-03-2017 00:00:00;0;0;29-03-2017;1;0;1;;;??????;29-03-2017;MM;28-03-2017 13:04:47,523;;LTH - Lone Thyrsted;;0;Ser.nr;;5805;;;;
;1;T250536;243690;87501400;Grundfos  A/S;2;4509999566;;4;T250536;Hydraulikaksel;0;0;1;0;1;;243690;2;Hydraulikaksel;29-03-2017 00:00:00;29-03-2017 00:00:00;0;0;29-03-2017;1;0;1;;;??????;29-03-2017;MM;28-03-2017 13:04:47,523;;LTH - Lone Thyrsted;;0;Ser.nr;;5806;;;;
;1;T250536;243690;87501400;Grundfos  A/S;2;4509999566;;4;T250536;Renovering;0;0;1;0;1;;243690;3;Renovering;29-03-2017 00:00:00;29-03-2017 00:00:00;0;0;29-03-2017;1;0;1;;;??????;29-03-2017;MM;28-03-2017 13:04:47,523;;LTH - Lone Thyrsted;;0;Ser.nr;;5807;;;;
;2;T250537;243690;87501400;Grundfos  A/S;2;4509999566;;1;T250537;70014372;0;0;1;0;1;1012;243690;4;70014372;07-04-2017 00:00:00;07-04-2017 00:00:00;0;0;07-04-2017;2;0;1;;;??????;07-04-2017;MM;28-03-2017 13:04:47,523;;LTH - Lone Thyrsted;;0;Ser.nr;;5808;;;;
;2;T250537;243690;87501400;Grundfos  A/S;2;4509999566;;4;T250537;Fixed Insert - Plast;0;0;1;0;1;;243690;5;Fixed Insert - Plast;07-04-2017 00:00:00;07-04-2017 00:00:00;0;0;07-04-2017;2;0;1;;;??????;07-04-2017;MM;28-03-2017 13:04:47,523;;LTH - Lone Thyrsted;;0;Ser.nr;;5809;;;;
;2;T250537;243690;87501400;Grundfos  A/S;2;4509999566;;4;T250537;Renovering;0;0;1;0;1;;243690;6;Renovering;07-04-2017 00:00:00;07-04-2017 00:00:00;0;0;07-04-2017;2;0;1;;;??????;07-04-2017;MM;28-03-2017 13:04:47,523;;LTH - Lone Thyrsted;;0;Ser.nr;;5810;;;;
;1;T250549;243692;96708226;Outrup Vinduer A/S;2;;;1;T250549;Ændring af monteringsklods 17037;13000;0;1;0;1;1012;243692;1;Ændring af monteringsklods 17037;18-04-2017 00:00:00;18-04-2017 00:00:00;13000;13000;18-04-2017;1;0;1;;;??????;18-04-2017;MM;29-03-2017 12:47:22,431;;Svend A.S Pedersen;96708229;0;Ser.nr;;5845;;;;
;1;;243692;96708226;Outrup Vinduer A/S;2;;;4;;Prisoverslag: 13.000 kr. ;0;0;1;0;1;;243692;2;Prisoverslag: 13.000 kr. ;18-04-2017 00:00:00;18-04-2017 00:00:00;0;0;18-04-2017;1;0;1;;;??????;18-04-2017;MM;29-03-2017 12:47:22,431;;Svend A.S Pedersen;96708229;0;Ser.nr;;5846;;;;
;1;T250552;243694;42125821;Medicom Innovation Partner A/S;2;10889-1;;1;T250552;13131330 Intermediate Wheel, EHV.;2800;0;1;0;1;1012;243694;1;13131330 Intermediate Wheel, EHV.;04-04-2017 00:00:00;04-04-2017 00:00:00;2800;2800;04-04-2017;1;0;1;;;??????;04-04-2017;MM;29-03-2017 12:59:35,129;;Gitte Holmgaard Dale;;0;Ser.nr;;5851;;;;
;1;T250552;243694;42125821;Medicom Innovation Partner A/S;2;10889-1;;4;T250552;Ny kerne for centerhul + 0,02mm;0;0;1;0;1;;243694;2;Ny kerne for centerhul + 0,02mm;04-04-2017 00:00:00;04-04-2017 00:00:00;0;0;04-04-2017;1;0;1;;;??????;04-04-2017;MM;29-03-2017 12:59:35,129;;Gitte Holmgaard Dale;;0;Ser.nr;;5852;;;;
;1;T250552;243694;42125821;Medicom Innovation Partner A/S;2;10889-1;;4;T250552;Pris incl 25 FOT : kr. 2.800,-;0;0;1;0;1;;243694;3;Pris incl 25 FOT : kr. 2.800,-;04-04-2017 00:00:00;04-04-2017 00:00:00;0;0;04-04-2017;1;0;1;;;??????;04-04-2017;MM;29-03-2017 12:59:35,129;;Gitte Holmgaard Dale;;0;Ser.nr;;5853;;;;
;1;T250338;243696;97402544;CeramicSpeed;2;280317-P1-TTL;;1;T250338;CS-PW-13T_shi,ano-CES0114;86,5;0;500;0;500;1012;243696;1;CS-PW-13T_shi,ano-CES0114;16-04-2017 00:00:00;16-04-2017 00:00:00;86,5;43250;16-04-2017;1;0;1;;;??????;16-04-2017;MM;29-03-2017 16:03:23,69;;Thomas Lynderup;22984412;0;Ser.nr;;5815;;;;
;1;T250338;243696;97402544;CeramicSpeed;2;280317-P1-TTL;;4;T250338;upper PW for shimano 9100;0;0;1;0;1;;243696;2;upper PW for shimano 9100;16-04-2017 00:00:00;16-04-2017 00:00:00;0;0;16-04-2017;1;0;1;;;??????;16-04-2017;MM;29-03-2017 16:03:23,69;;Thomas Lynderup;22984412;0;Ser.nr;;5816;;;;
;2;T250339;243696;97402544;CeramicSpeed;2;280317-P1-TTL;;1;T250339;CS-PW-19T-CES0099;86,5;0;500;0;500;1012;243696;3;CS-PW-19T-CES0099;16-04-2017 00:00:00;16-04-2017 00:00:00;86,5;43250;16-04-2017;2;0;1;;;??????;16-04-2017;MM;29-03-2017 16:03:23,69;;Thomas Lynderup;22984412;0;Ser.nr;;5817;;;;
;2;T250339;243696;97402544;CeramicSpeed;2;280317-P1-TTL;;4;T250339;lower PW for shimano 9100;0;0;1;0;1;;243696;4;lower PW for shimano 9100;16-04-2017 00:00:00;16-04-2017 00:00:00;0;0;16-04-2017;2;0;1;;;??????;16-04-2017;MM;29-03-2017 16:03:23,69;;Thomas Lynderup;22984412;0;Ser.nr;;5818;;;;
;2;T250339;243696;97402544;CeramicSpeed;2;280317-P1-TTL;;4;T250339;;0;0;1;0;1;;243696;5;;16-04-2017 00:00:00;16-04-2017 00:00:00;0;0;16-04-2017;2;0;1;;;??????;16-04-2017;MM;29-03-2017 16:03:23,69;;Thomas Lynderup;22984412;0;Ser.nr;;5819;;;;
;2;T250339;243696;97402544;CeramicSpeed;2;280317-P1-TTL;;4;T250339;Begge leveres med sort anodisering;0;0;1;0;1;;243696;6;Begge leveres med sort anodisering;16-04-2017 00:00:00;16-04-2017 00:00:00;0;0;16-04-2017;2;0;1;;;??????;16-04-2017;MM;29-03-2017 16:03:23,69;;Thomas Lynderup;22984412;0;Ser.nr;;5820;;;;
;2;T250339;243696;97402544;CeramicSpeed;2;280317-P1-TTL;;4;T250339;Vi tager meget gerne en dellevering på 250 sæt;0;0;1;0;1;;243696;7;Vi tager meget gerne en dellevering på 250 sæt;16-04-2017 00:00:00;16-04-2017 00:00:00;0;0;16-04-2017;2;0;1;;;??????;16-04-2017;MM;29-03-2017 16:03:23,69;;Thomas Lynderup;22984412;0;Ser.nr;;5821;;;;
;2;T250339;243696;97402544;CeramicSpeed;2;280317-P1-TTL;;4;T250339;med det samme de er klar.  ;0;0;1;0;1;;243696;8;med det samme de er klar.  ;16-04-2017 00:00:00;16-04-2017 00:00:00;0;0;16-04-2017;2;0;1;;;??????;16-04-2017;MM;29-03-2017 16:03:23,69;;Thomas Lynderup;22984412;0;Ser.nr;;5822;;;;
;2;T250339;243696;97402544;CeramicSpeed;2;280317-P1-TTL;;4;T250339;;0;0;1;0;1;;243696;9;;16-04-2017 00:00:00;16-04-2017 00:00:00;0;0;16-04-2017;2;0;1;;;??????;16-04-2017;MM;29-03-2017 16:03:23,69;;Thomas Lynderup;22984412;0;Ser.nr;;5823;;;;
;2;T250339;243696;97402544;CeramicSpeed;2;280317-P1-TTL;;4;T250339;Prisen pr. stk. er den forventede pris inkl. anodisering.;0;0;1;0;1;;243696;10;Prisen pr. stk. er den forventede pris inkl. anodisering.;16-04-2017 00:00:00;16-04-2017 00:00:00;0;0;16-04-2017;2;0;1;;;??????;16-04-2017;MM;29-03-2017 16:03:23,69;;Thomas Lynderup;22984412;0;Ser.nr;;5824;;;;
;2;T250339;243696;97402544;CeramicSpeed;2;280317-P1-TTL;;4;T250339;;0;0;1;0;1;;243696;11;;16-04-2017 00:00:00;16-04-2017 00:00:00;0;0;16-04-2017;2;0;1;;;??????;16-04-2017;MM;29-03-2017 16:03:23,69;;Thomas Lynderup;22984412;0;Ser.nr;;5893;;;;
;3;FU040;243696;97402544;CeramicSpeed;2;280317-P1-TTL;;1;FU040;Fragt m. Interfjord d. 29/3;52,5;0;1;0;1;2029;243696;12;Fragt m. Interfjord d. 29/3;16-04-2017 00:00:00;16-04-2017 00:00:00;52,5;52,5;16-04-2017;3;0;1;;;??????;16-04-2017;MM;29-03-2017 16:03:23,69;;Thomas Lynderup;22984412;0;Ser.nr;;5894;;;;
;1;243577 /IN;243697;97402544;CeramicSpeed;5;270317/3-P1-TTL;;1;243577 /IN;CAGE IN - SHIMANO 9100;9,74;0;500;250;250;1013;243697;1;CAGE IN - SHIMANO 9100;24-04-2017 00:00:00;24-04-2017 00:00:00;9,74;2435;24-04-2017;1;0;1;;;??????;24-04-2017;MM;12-04-2017 13:29:40,069;;Thomas Lynderup;22984412;0;Ser.nr;;5825;;;;
;1;243577 /IN;243697;97402544;CeramicSpeed;5;270317/3-P1-TTL;;4;243577 /IN;Deres varenr:  CES0100;0;0;1;0;1;;243697;2;Deres varenr:  CES0100;24-04-2017 00:00:00;24-04-2017 00:00:00;0;0;24-04-2017;1;0;1;;;??????;24-04-2017;MM;12-04-2017 13:29:40,069;;Thomas Lynderup;22984412;0;Ser.nr;;5826;;;;
;2;243577 /OUT;243697;97402544;CeramicSpeed;5;270317/3-P1-TTL;;1;243577 /OUT;CAGE OUT - SHIMANO 9100;107,45;0;500;250;250;1013;243697;3;CAGE OUT - SHIMANO 9100;24-04-2017 00:00:00;24-04-2017 00:00:00;107,45;26862,5;24-04-2017;2;0;1;;;??????;24-04-2017;MM;12-04-2017 13:29:40,069;;Thomas Lynderup;22984412;0;Ser.nr;;5827;;;;
;2;243577 /OUT;243697;97402544;CeramicSpeed;5;270317/3-P1-TTL;;4;243577 /OUT;Incl. M-Pind CES0103;0;0;1;0;1;;243697;4;Incl. M-Pind CES0103;24-04-2017 00:00:00;24-04-2017 00:00:00;0;0;24-04-2017;2;0;1;;;??????;24-04-2017;MM;12-04-2017 13:29:40,069;;Thomas Lynderup;22984412;0;Ser.nr;;5828;;;;
;2;243577 /OUT;243697;97402544;CeramicSpeed;5;270317/3-P1-TTL;;4;243577 /OUT;Deres varenr:  CES0101;0;0;1;0;1;;243697;5;Deres varenr:  CES0101;24-04-2017 00:00:00;24-04-2017 00:00:00;0;0;24-04-2017;2;0;1;;;??????;24-04-2017;MM;12-04-2017 13:29:40,069;;Thomas Lynderup;22984412;0;Ser.nr;;5829;;;;
;1;243577 /IN;243698;97402544;CeramicSpeed;2;280317/2-P1-TTL;;1;243577 /IN;CAGE IN - SHIMANO 9100;9,74;0;500;0;500;1013;243698;1;CAGE IN - SHIMANO 9100;21-04-2017 00:00:00;21-04-2017 00:00:00;9,74;4870;21-04-2017;1;0;1;;;??????;21-04-2017;MM;29-03-2017 11:47:53,576;;Thomas Lynderup;22984412;0;Ser.nr;;5830;;;;
;1;243577 /IN;243698;97402544;CeramicSpeed;2;280317/2-P1-TTL;;4;243577 /IN;Deres varenr:  CES0100;0;0;1;0;1;;243698;2;Deres varenr:  CES0100;21-04-2017 00:00:00;21-04-2017 00:00:00;0;0;21-04-2017;1;0;1;;;??????;21-04-2017;MM;29-03-2017 11:47:53,576;;Thomas Lynderup;22984412;0;Ser.nr;;5831;;;;
;2;243577 /OUT;243698;97402544;CeramicSpeed;2;280317/2-P1-TTL;;1;243577 /OUT;CAGE OUT - SHIMANO 9100;107,45;0;500;0;500;1013;243698;3;CAGE OUT - SHIMANO 9100;21-04-2017 00:00:00;21-04-2017 00:00:00;107,45;53725;21-04-2017;2;0;1;;;??????;21-04-2017;MM;29-03-2017 11:47:53,576;;Thomas Lynderup;22984412;0;Ser.nr;;5832;;;;
;2;243577 /OUT;243698;97402544;CeramicSpeed;2;280317/2-P1-TTL;;4;243577 /OUT;Incl. M-Pind CES0103;0;0;1;0;1;;243698;4;Incl. M-Pind CES0103;21-04-2017 00:00:00;21-04-2017 00:00:00;0;0;21-04-2017;2;0;1;;;??????;21-04-2017;MM;29-03-2017 11:47:53,576;;Thomas Lynderup;22984412;0;Ser.nr;;5833;;;;
;2;243577 /OUT;243698;97402544;CeramicSpeed;2;280317/2-P1-TTL;;4;243577 /OUT;Deres varenr:  CES0101;0;0;1;0;1;;243698;5;Deres varenr:  CES0101;21-04-2017 00:00:00;21-04-2017 00:00:00;0;0;21-04-2017;2;0;1;;;??????;21-04-2017;MM;29-03-2017 11:47:53,576;;Thomas Lynderup;22984412;0;Ser.nr;;5834;;;;
;1;T250338;243699;97402544;CeramicSpeed;2;290317-P1-TTL;;1;T250338;CS-PW-13T_shi,ano-CES0114;80;0;500;0;500;1012;243699;1;CS-PW-13T_shi,ano-CES0114;28-04-2017 00:00:00;28-04-2017 00:00:00;80;40000;28-04-2017;1;0;1;;;??????;28-04-2017;MM;12-04-2017 13:30:03,75;;Thomas Lynderup;22984412;0;Ser.nr;;5835;;;;
;1;T250338;243699;97402544;CeramicSpeed;2;290317-P1-TTL;;4;T250338;upper PW for shimano 9100;0;0;1;0;1;;243699;2;upper PW for shimano 9100;28-04-2017 00:00:00;28-04-2017 00:00:00;0;0;28-04-2017;1;0;1;;;??????;28-04-2017;MM;12-04-2017 13:30:03,75;;Thomas Lynderup;22984412;0;Ser.nr;;5836;;;;
;2;T250339;243699;97402544;CeramicSpeed;2;290317-P1-TTL;;1;T250339;CS-PW-19T-CES0099;80;0;500;0;500;1012;243699;3;CS-PW-19T-CES0099;28-04-2017 00:00:00;28-04-2017 00:00:00;80;40000;28-04-2017;2;0;1;;;??????;28-04-2017;MM;12-04-2017 13:30:03,75;;Thomas Lynderup;22984412;0;Ser.nr;;5837;;;;
;2;T250339;243699;97402544;CeramicSpeed;2;290317-P1-TTL;;4;T250339;lower PW for shimano 9100;0;0;1;0;1;;243699;4;lower PW for shimano 9100;28-04-2017 00:00:00;28-04-2017 00:00:00;0;0;28-04-2017;2;0;1;;;??????;28-04-2017;MM;12-04-2017 13:30:03,75;;Thomas Lynderup;22984412;0;Ser.nr;;5838;;;;
;2;T250339;243699;97402544;CeramicSpeed;2;290317-P1-TTL;;4;T250339;;0;0;1;0;1;;243699;5;;28-04-2017 00:00:00;28-04-2017 00:00:00;0;0;28-04-2017;2;0;1;;;??????;28-04-2017;MM;12-04-2017 13:30:03,75;;Thomas Lynderup;22984412;0;Ser.nr;;5839;;;;
;2;T250339;243699;97402544;CeramicSpeed;2;290317-P1-TTL;;4;T250339;Prisen pr. stk. er den forventede pris.;0;0;1;0;1;;243699;6;Prisen pr. stk. er den forventede pris.;28-04-2017 00:00:00;28-04-2017 00:00:00;0;0;28-04-2017;2;0;1;;;??????;28-04-2017;MM;12-04-2017 13:30:03,75;;Thomas Lynderup;22984412;0;Ser.nr;;5840;;;;
;2;T250339;243699;97402544;CeramicSpeed;2;290317-P1-TTL;;4;T250339;Vi afventer lige, om vi ønsker anodisering. ;0;0;1;0;1;;243699;7;Vi afventer lige, om vi ønsker anodisering. ;28-04-2017 00:00:00;28-04-2017 00:00:00;0;0;28-04-2017;2;0;1;;;??????;28-04-2017;MM;12-04-2017 13:30:03,75;;Thomas Lynderup;22984412;0;Ser.nr;;5841;;;;
;1;TV250553;243700;13102015;Sintex a/s;2;I014209-1;;1;TV250553;Værktøj S013 til Clamp D12;63800;0;1;0;1;1012;243700;1;Værktøj S013 til Clamp D12;15-05-2017 00:00:00;15-05-2017 00:00:00;63800;63800;15-05-2017;1;0;1;;;??????;15-05-2017;MM;29-03-2017 13:37:54,798;;Lars Krogh Christensen;;0;Ser.nr;;5854;;;;
;1;TV250553;243700;13102015;Sintex a/s;2;I014209-1;;4;TV250553;Deres varenr:  K-projekt;0;0;1;0;1;;243700;2;Deres varenr:  K-projekt;15-05-2017 00:00:00;15-05-2017 00:00:00;0;0;15-05-2017;1;0;1;;;??????;15-05-2017;MM;29-03-2017 13:37:54,798;;Lars Krogh Christensen;;0;Ser.nr;;5855;;;;
;1;TV250553;243700;13102015;Sintex a/s;2;I014209-1;;4;TV250553;;0;0;1;0;1;;243700;3;;15-05-2017 00:00:00;15-05-2017 00:00:00;0;0;15-05-2017;1;0;1;;;??????;15-05-2017;MM;29-03-2017 13:37:54,798;;Lars Krogh Christensen;;0;Ser.nr;;5856;;;;
;1;TV250553;243700;13102015;Sintex a/s;2;I014209-1;;4;TV250553;1stk S013.001 K3520 Fast;0;0;1;0;1;;243700;4;1stk S013.001 K3520 Fast;15-05-2017 00:00:00;15-05-2017 00:00:00;0;0;15-05-2017;1;0;1;;;??????;15-05-2017;MM;29-03-2017 13:37:54,798;;Lars Krogh Christensen;;0;Ser.nr;;5857;;;;
;1;TV250553;243700;13102015;Sintex a/s;2;I014209-1;;4;TV250553;1stk S013.002 Indsats fast;0;0;1;0;1;;243700;5;1stk S013.002 Indsats fast;15-05-2017 00:00:00;15-05-2017 00:00:00;0;0;15-05-2017;1;0;1;;;??????;15-05-2017;MM;29-03-2017 13:37:54,798;;Lars Krogh Christensen;;0;Ser.nr;;5858;;;;
;1;TV250553;243700;13102015;Sintex a/s;2;I014209-1;;4;TV250553;1stk S013.003 Indsats bev.;0;0;1;0;1;;243700;6;1stk S013.003 Indsats bev.;15-05-2017 00:00:00;15-05-2017 00:00:00;0;0;15-05-2017;1;0;1;;;??????;15-05-2017;MM;29-03-2017 13:37:54,798;;Lars Krogh Christensen;;0;Ser.nr;;5859;;;;
;1;TV250553;243700;13102015;Sintex a/s;2;I014209-1;;4;TV250553;1stk S013.004 Kerne bev.;0;0;1;0;1;;243700;7;1stk S013.004 Kerne bev.;15-05-2017 00:00:00;15-05-2017 00:00:00;0;0;15-05-2017;1;0;1;;;??????;15-05-2017;MM;29-03-2017 13:37:54,798;;Lars Krogh Christensen;;0;Ser.nr;;5860;;;;
;1;TV250553;243700;13102015;Sintex a/s;2;I014209-1;;4;TV250553;1stk S013.005 K3520 Bev.;0;0;1;0;1;;243700;8;1stk S013.005 K3520 Bev.;15-05-2017 00:00:00;15-05-2017 00:00:00;0;0;15-05-2017;1;0;1;;;??????;15-05-2017;MM;29-03-2017 13:37:54,798;;Lars Krogh Christensen;;0;Ser.nr;;5861;;;;
;1;TV250553;243700;13102015;Sintex a/s;2;I014209-1;;4;TV250553;1stk S013.006 Udst.;0;0;1;0;1;;243700;9;1stk S013.006 Udst.;15-05-2017 00:00:00;15-05-2017 00:00:00;0;0;15-05-2017;1;0;1;;;??????;15-05-2017;MM;29-03-2017 13:37:54,798;;Lars Krogh Christensen;;0;Ser.nr;;5862;;;;
;1;TV250553;243700;13102015;Sintex a/s;2;I014209-1;;4;TV250553;holdeplade;0;0;1;0;1;;243700;10;holdeplade;15-05-2017 00:00:00;15-05-2017 00:00:00;0;0;15-05-2017;1;0;1;;;??????;15-05-2017;MM;29-03-2017 13:37:54,798;;Lars Krogh Christensen;;0;Ser.nr;;5863;;;;
;1;TV250553;243700;13102015;Sintex a/s;2;I014209-1;;4;TV250553;1stk S013.007 Udst. stop     ;0;0;1;0;1;;243700;11;1stk S013.007 Udst. stop     ;15-05-2017 00:00:00;15-05-2017 00:00:00;0;0;15-05-2017;1;0;1;;;??????;15-05-2017;MM;29-03-2017 13:37:54,798;;Lars Krogh Christensen;;0;Ser.nr;;5864;;;;
;1;TV250553;243700;13102015;Sintex a/s;2;I014209-1;;4;TV250553;;0;0;1;0;1;;243700;12;;15-05-2017 00:00:00;15-05-2017 00:00:00;0;0;15-05-2017;1;0;1;;;??????;15-05-2017;MM;29-03-2017 13:37:54,798;;Lars Krogh Christensen;;0;Ser.nr;;5865;;;;
;1;TV250553;243700;13102015;Sintex a/s;2;I014209-1;;4;TV250553;Intern note:;0;0;1;0;1;;243700;13;Intern note:;15-05-2017 00:00:00;15-05-2017 00:00:00;0;0;15-05-2017;1;0;1;;;??????;15-05-2017;MM;29-03-2017 13:37:54,798;;Lars Krogh Christensen;;0;Ser.nr;;5866;;;;
;1;TV250553;243700;13102015;Sintex a/s;2;I014209-1;;4;TV250553;Prisen er et estimat: 58.000 kr. + 10 % = 63.800 kr. ;0;0;1;0;1;;243700;14;Prisen er et estimat: 58.000 kr. + 10 % = 63.800 kr. ;15-05-2017 00:00:00;15-05-2017 00:00:00;0;0;15-05-2017;1;0;1;;;??????;15-05-2017;MM;29-03-2017 13:37:54,798;;Lars Krogh Christensen;;0;Ser.nr;;5867;;;;
;1;M0LM2128;243701;87501400;Grundfos  A/S;2;4510003754;;1;M0LM2128;Insulating washer\dup;23,07;0;3;0;3;1012;243701;1;Insulating washer\dup;20-04-2017 00:00:00;20-04-2017 00:00:00;23,07;69,21;20-04-2017;1;0;1;;;??????;20-04-2017;MM;29-03-2017 13:42:35,492;;Charlotte Hemdorff;;0;Ser.nr;;5868;;;;
;1;M0LM2128;243701;87501400;Grundfos  A/S;2;4510003754;;4;M0LM2128;Isolationsskive f.6 mm.bolte\dup;0;0;1;0;1;;243701;2;Isolationsskive f.6 mm.bolte\dup;20-04-2017 00:00:00;20-04-2017 00:00:00;0;0;20-04-2017;1;0;1;;;??????;20-04-2017;MM;29-03-2017 13:42:35,492;;Charlotte Hemdorff;;0;Ser.nr;;5869;;;;
;1;M0LM2128;243702;87501400;Grundfos  A/S;2;4510003760;;1;M0LM2128;Insulating washer\dup;23,07;0;2;0;2;1012;243702;1;Insulating washer\dup;20-04-2017 00:00:00;20-04-2017 00:00:00;23,07;46,14;20-04-2017;1;0;1;;;??????;20-04-2017;MM;29-03-2017 13:52:32,198;;Charlotte Hemdorff;;0;Ser.nr;;5870;;;;
;1;M0LM2128;243702;87501400;Grundfos  A/S;2;4510003760;;4;M0LM2128;Isolationsskive f.6 mm.bolte\dup;0;0;1;0;1;;243702;2;Isolationsskive f.6 mm.bolte\dup;20-04-2017 00:00:00;20-04-2017 00:00:00;0;0;20-04-2017;1;0;1;;;??????;20-04-2017;MM;29-03-2017 13:52:32,198;;Charlotte Hemdorff;;0;Ser.nr;;5871;;;;
;1;T250554;243703;97710044;Bila A/S;2;216752 ;;1;T250554;0161489-99-001;2500;0;1;0;1;1007;243703;1;0161489-99-001;27-04-2017 00:00:00;27-04-2017 00:00:00;2500;2500;27-04-2017;1;0;1;;;??????;27-04-2017;MM;29-03-2017 14:57:29,579;;Thomas Kyndi Christensen;;0;Ser.nr;;5872;;;;
;1;;243703;97710044;Bila A/S;2;216752 ;;4;;;0;0;1;0;1;;243703;2;;27-04-2017 00:00:00;27-04-2017 00:00:00;0;0;27-04-2017;1;0;1;;;??????;27-04-2017;MM;29-03-2017 14:57:29,579;;Thomas Kyndi Christensen;;0;Ser.nr;;5873;;;;
;1;;243703;97710044;Bila A/S;2;216752 ;;4;;Intern note:;0;0;1;0;1;;243703;3;Intern note:;27-04-2017 00:00:00;27-04-2017 00:00:00;0;0;27-04-2017;1;0;1;;;??????;27-04-2017;MM;29-03-2017 14:57:29,579;;Thomas Kyndi Christensen;;0;Ser.nr;;5874;;;;
;1;;243703;97710044;Bila A/S;2;216752 ;;4;;Estima: 5 timer;0;0;1;0;1;;243703;4;Estima: 5 timer;27-04-2017 00:00:00;27-04-2017 00:00:00;0;0;27-04-2017;1;0;1;;;??????;27-04-2017;MM;29-03-2017 14:57:29,579;;Thomas Kyndi Christensen;;0;Ser.nr;;5875;;;;
;1;M00RV615;243704;87501400;Grundfos  A/S;2;4510004273;;1;M00RV615;Holder ring\dup;345;0;50;0;50;1012;243704;1;Holder ring\dup;20-04-2017 00:00:00;20-04-2017 00:00:00;345;17250;20-04-2017;1;0;1;;;??????;20-04-2017;MM;29-03-2017 15:51:57,781;;Charlotte Hemdorff;;0;Ser.nr;;5886;;;;
;1;M00RV615;243704;87501400;Grundfos  A/S;2;4510004273;;4;M00RV615;Deres varenr:  M00RV615;0;0;1;0;1;;243704;2;Deres varenr:  M00RV615;20-04-2017 00:00:00;20-04-2017 00:00:00;0;0;20-04-2017;1;0;1;;;??????;20-04-2017;MM;29-03-2017 15:51:57,781;;Charlotte Hemdorff;;0;Ser.nr;;5887;;;;
;1;T250561;243707;27120755B;GloVac ApS;2;;;1;T250561;Ændring af bracket;0;0;1;0;1;1012;243707;1;Ændring af bracket;01-05-2017 00:00:00;01-05-2017 00:00:00;0;0;01-05-2017;1;0;1;;;??????;01-05-2017;MM;30-03-2017 16:10:41,675;;Jan Erik Vest;+45 20 20 33 25;0;Ser.nr;;5903;;;;
;1;T250561;243707;27120755B;GloVac ApS;2;;;4;T250561;Fjernelse af fas på emne;0;0;1;0;1;;243707;2;Fjernelse af fas på emne;01-05-2017 00:00:00;01-05-2017 00:00:00;0;0;01-05-2017;1;0;1;;;??????;01-05-2017;MM;30-03-2017 16:10:41,675;;Jan Erik Vest;+45 20 20 33 25;0;Ser.nr;;5904;;;;
;1;183025_V2;243711;97710044;Bila A/S;2;216854;;1;183025_V2;Gribeaksel;65;0;400;0;400;1012;243711;1;Gribeaksel;02-05-2017 00:00:00;02-05-2017 00:00:00;65;26000;02-05-2017;1;0;1;;;??????;02-05-2017;MM;03-04-2017 10:10:30,626;;Kamilla Fly Kristensen;;0;Ser.nr;;5936;;;;
;1;TV250576;243712;87761238;Trend Mould A/S;2;;;1;TV250576;Vkt. af 30110;0;0;1;0;1;1012;243712;1;Vkt. af 30110;18-04-2017 00:00:00;18-04-2017 00:00:00;0;0;18-04-2017;1;0;1;;;??????;18-04-2017;MM;03-04-2017 10:17:34,059;;Kristian Thaagaard;87761238;0;Ser.nr;;5937;;;;
;1;T250579;243714;42125821;Medicom Innovation Partner A/S;2;10922-1;;1;T250579;Ændring af udkerning Ø1->Ø1,03;2800;0;1;0;1;1012;243714;1;Ændring af udkerning Ø1->Ø1,03;10-04-2017 00:00:00;10-04-2017 00:00:00;2800;2800;10-04-2017;1;0;1;;;??????;10-04-2017;MM;05-04-2017 10:15:19;;Gitte Holmgaard Dale;;0;Ser.nr;;5969;;;;
;1;T250579;243714;42125821;Medicom Innovation Partner A/S;2;10922-1;;4;T250579;Replacement of center core with;0;0;1;0;1;;243714;2;Replacement of center core with;10-04-2017 00:00:00;10-04-2017 00:00:00;0;0;10-04-2017;1;0;1;;;??????;10-04-2017;MM;05-04-2017 10:15:19;;Gitte Holmgaard Dale;;0;Ser.nr;;5970;;;;
;1;T250579;243714;42125821;Medicom Innovation Partner A/S;2;10922-1;;4;T250579;+ 0,02 mm diamater;0;0;1;0;1;;243714;3;+ 0,02 mm diamater;10-04-2017 00:00:00;10-04-2017 00:00:00;0;0;10-04-2017;1;0;1;;;??????;10-04-2017;MM;05-04-2017 10:15:19;;Gitte Holmgaard Dale;;0;Ser.nr;;5971;;;;
;1;T250582;243716;87501400;Grundfos  A/S;2;4510018667;;1;T250582;MD_0093;0;0;2;0;2;1012;243716;1;MD_0093;24-04-2017 00:00:00;24-04-2017 00:00:00;0;0;24-04-2017;1;0;1;;;??????;24-04-2017;MM;04-04-2017 15:07:42,782;;TMS - Tim Seerup;87519553;0;Ser.nr;;5956;;;;
;1;T250582;243716;87501400;Grundfos  A/S;2;4510018667;;4;T250582;Bearbejdning;0;0;1;0;1;;243716;2;Bearbejdning;24-04-2017 00:00:00;24-04-2017 00:00:00;0;0;24-04-2017;1;0;1;;;??????;24-04-2017;MM;04-04-2017 15:07:42,782;;TMS - Tim Seerup;87519553;0;Ser.nr;;5957;;;;
;1;T250582;243716;87501400;Grundfos  A/S;2;4510018667;;4;T250582;WBS-element: BD.000029.01.02.003.01;0;0;1;0;1;;243716;3;WBS-element: BD.000029.01.02.003.01;24-04-2017 00:00:00;24-04-2017 00:00:00;0;0;24-04-2017;1;0;1;;;??????;24-04-2017;MM;04-04-2017 15:07:42,782;;TMS - Tim Seerup;87519553;0;Ser.nr;;5958;;;;
;1;T250583;243717;87501400;Grundfos  A/S;2;4510018672;;1;T250583;2756_Sen_fix_IP_sensor_fix;0;0;1;0;1;1012;243717;1;2756_Sen_fix_IP_sensor_fix;20-04-2017 00:00:00;20-04-2017 00:00:00;0;0;20-04-2017;1;0;1;;;??????;20-04-2017;MM;04-04-2017 15:11:58,953;;TMS - Tim Seerup;87519553;0;Ser.nr;;5959;;;;
;1;T250583;243717;87501400;Grundfos  A/S;2;4510018672;;4;T250583;Bearbejdning (Ydelse);0;0;1;0;1;;243717;2;Bearbejdning (Ydelse);20-04-2017 00:00:00;20-04-2017 00:00:00;0;0;20-04-2017;1;0;1;;;??????;20-04-2017;MM;04-04-2017 15:11:58,953;;TMS - Tim Seerup;87519553;0;Ser.nr;;5960;;;;
;1;T250583;243717;87501400;Grundfos  A/S;2;4510018672;;4;T250583;WBS-element: BD.000085.01.02.012;0;0;1;0;1;;243717;3;WBS-element: BD.000085.01.02.012;20-04-2017 00:00:00;20-04-2017 00:00:00;0;0;20-04-2017;1;0;1;;;??????;20-04-2017;MM;04-04-2017 15:11:58,953;;TMS - Tim Seerup;87519553;0;Ser.nr;;5961;;;;
;2;T250585;243717;87501400;Grundfos  A/S;2;4510018672;;1;T250585;2756_Sen_Fix_IP_Orient_Fix;0;0;1;0;1;1012;243717;4;2756_Sen_Fix_IP_Orient_Fix;20-04-2017 00:00:00;20-04-2017 00:00:00;0;0;20-04-2017;2;0;1;;;??????;20-04-2017;MM;04-04-2017 15:11:58,953;;TMS - Tim Seerup;87519553;0;Ser.nr;;5962;;;;
;2;T250585;243717;87501400;Grundfos  A/S;2;4510018672;;4;T250585;Bearbejdning (Ydelse);0;0;1;0;1;;243717;5;Bearbejdning (Ydelse);20-04-2017 00:00:00;20-04-2017 00:00:00;0;0;20-04-2017;2;0;1;;;??????;20-04-2017;MM;04-04-2017 15:11:58,953;;TMS - Tim Seerup;87519553;0;Ser.nr;;5963;;;;
;2;T250585;243717;87501400;Grundfos  A/S;2;4510018672;;4;T250585;WBS-element: BD.000085.01.02.012;0;0;1;0;1;;243717;6;WBS-element: BD.000085.01.02.012;20-04-2017 00:00:00;20-04-2017 00:00:00;0;0;20-04-2017;2;0;1;;;??????;20-04-2017;MM;04-04-2017 15:11:58,953;;TMS - Tim Seerup;87519553;0;Ser.nr;;5964;;;;
;1;T250587;243718;87501400;Grundfos  A/S;2;4510018678;;1;T250587;komplet kobling GZ_2064;0;0;1;0;1;1012;243718;1;komplet kobling GZ_2064;19-04-2017 00:00:00;19-04-2017 00:00:00;0;0;19-04-2017;1;0;1;;;??????;19-04-2017;MM;04-04-2017 15:16:07,863;;TMS - Tim Seerup;87519553;0;Ser.nr;;5965;;;;
;1;T250587;243718;87501400;Grundfos  A/S;2;4510018678;;4;T250587;Bearbejdning;0;0;1;0;1;;243718;2;Bearbejdning;19-04-2017 00:00:00;19-04-2017 00:00:00;0;0;19-04-2017;1;0;1;;;??????;19-04-2017;MM;04-04-2017 15:16:07,863;;TMS - Tim Seerup;87519553;0;Ser.nr;;5966;;;;
;1;T250587;243718;87501400;Grundfos  A/S;2;4510018678;;4;T250587;WBS-element: BD.000030.01.02.003;0;0;1;0;1;;243718;3;WBS-element: BD.000030.01.02.003;19-04-2017 00:00:00;19-04-2017 00:00:00;0;0;19-04-2017;1;0;1;;;??????;19-04-2017;MM;04-04-2017 15:16:07,863;;TMS - Tim Seerup;87519553;0;Ser.nr;;5967;;;;
;1;T250589;243720;97922522;TCT - Thisted-Fjerritslev Cementvarefabrik;2;;;1;T250589;35 mm. tykke;162;0;115;0;115;1012;243720;1;35 mm. tykke;21-04-2017 00:00:00;21-04-2017 00:00:00;162;18630;21-04-2017;1;0;1;;;??????;21-04-2017;MM;18-04-2017 11:37:58,505;;Henning Smed;;0;Ser.nr;;5995;;;;
;2;T250591;243720;97922522;TCT - Thisted-Fjerritslev Cementvarefabrik;2;;;1;T250591;85 mm. tykke;162;0;25;0;25;1012;243720;2;85 mm. tykke;21-04-2017 00:00:00;21-04-2017 00:00:00;162;4050;21-04-2017;2;0;1;;;??????;21-04-2017;MM;18-04-2017 11:37:58,505;;Henning Smed;;0;Ser.nr;;5996;;;;
;1;T250593;243721;87501400;Grundfos  A/S;2;4510026106;;1;T250593;plug_02_simple;0;0;1;0;1;1012;243721;1;plug_02_simple;19-04-2017 00:00:00;19-04-2017 00:00:00;0;0;19-04-2017;1;0;1;;;??????;19-04-2017;MM;06-04-2017 15:09:58,615;;TMS - Tim Seerup;87519553;0;Ser.nr;;5997;;;;
;1;T250593;243721;87501400;Grundfos  A/S;2;4510026106;;4;T250593;Bearbejdning;0;0;1;0;1;;243721;2;Bearbejdning;19-04-2017 00:00:00;19-04-2017 00:00:00;0;0;19-04-2017;1;0;1;;;??????;19-04-2017;MM;06-04-2017 15:09:58,615;;TMS - Tim Seerup;87519553;0;Ser.nr;;5998;;;;
;1;T250593;243721;87501400;Grundfos  A/S;2;4510026106;;4;T250593;WBS-element: BD.002914.01.01.003.01.5;0;0;1;0;1;;243721;3;WBS-element: BD.002914.01.01.003.01.5;19-04-2017 00:00:00;19-04-2017 00:00:00;0;0;19-04-2017;1;0;1;;;??????;19-04-2017;MM;06-04-2017 15:09:58,615;;TMS - Tim Seerup;87519553;0;Ser.nr;;5999;;;;
;1;T250593;243721;87501400;Grundfos  A/S;2;4510026106;;4;T250593;komplet alarm plug_02_simple;0;0;1;0;1;;243721;4;komplet alarm plug_02_simple;19-04-2017 00:00:00;19-04-2017 00:00:00;0;0;19-04-2017;1;0;1;;;??????;19-04-2017;MM;06-04-2017 15:09:58,615;;TMS - Tim Seerup;87519553;0;Ser.nr;;6000;;;;
;2;T250594;243721;87501400;Grundfos  A/S;2;4510026106;;1;T250594;plug_03_simple;0;0;1;0;1;1012;243721;5;plug_03_simple;19-04-2017 00:00:00;19-04-2017 00:00:00;0;0;19-04-2017;2;0;1;;;??????;19-04-2017;MM;06-04-2017 15:09:58,615;;TMS - Tim Seerup;87519553;0;Ser.nr;;6001;;;;
;2;T250594;243721;87501400;Grundfos  A/S;2;4510026106;;4;T250594;Bearbejdning;0;0;1;0;1;;243721;6;Bearbejdning;19-04-2017 00:00:00;19-04-2017 00:00:00;0;0;19-04-2017;2;0;1;;;??????;19-04-2017;MM;06-04-2017 15:09:58,615;;TMS - Tim Seerup;87519553;0;Ser.nr;;6002;;;;
;2;T250594;243721;87501400;Grundfos  A/S;2;4510026106;;4;T250594;WBS-element: BD.002914.01.01.003.01.5;0;0;1;0;1;;243721;7;WBS-element: BD.002914.01.01.003.01.5;19-04-2017 00:00:00;19-04-2017 00:00:00;0;0;19-04-2017;2;0;1;;;??????;19-04-2017;MM;06-04-2017 15:09:58,615;;TMS - Tim Seerup;87519553;0;Ser.nr;;6003;;;;
;2;T250594;243721;87501400;Grundfos  A/S;2;4510026106;;4;T250594;komplet Alarm plug_03_simple;0;0;1;0;1;;243721;8;komplet Alarm plug_03_simple;19-04-2017 00:00:00;19-04-2017 00:00:00;0;0;19-04-2017;2;0;1;;;??????;19-04-2017;MM;06-04-2017 15:09:58,615;;TMS - Tim Seerup;87519553;0;Ser.nr;;6004;;;;
;1;243577 /IN;243722;97402544;CeramicSpeed;2;060417-P1-TTL;;1;243577 /IN;CAGE IN - SHIMANO 9100;9,74;0;1000;0;1000;1013;243722;1;CAGE IN - SHIMANO 9100;11-05-2017 00:00:00;11-05-2017 00:00:00;9,74;9740;11-05-2017;1;0;1;;;??????;11-05-2017;MM;06-04-2017 15:44:01,227;;Thomas Lynderup;22984412;0;Ser.nr;;6005;;;;
;1;243577 /IN;243722;97402544;CeramicSpeed;2;060417-P1-TTL;;4;243577 /IN;Deres varenr:  CES0100;0;0;1;0;1;;243722;2;Deres varenr:  CES0100;11-05-2017 00:00:00;11-05-2017 00:00:00;0;0;11-05-2017;1;0;1;;;??????;11-05-2017;MM;06-04-2017 15:44:01,227;;Thomas Lynderup;22984412;0;Ser.nr;;6006;;;;
;2;243577 /OUT;243722;97402544;CeramicSpeed;2;060417-P1-TTL;;1;243577 /OUT;CAGE OUT - SHIMANO 9100;107,45;0;1000;0;1000;1013;243722;3;CAGE OUT - SHIMANO 9100;11-05-2017 00:00:00;11-05-2017 00:00:00;107,45;107450;11-05-2017;2;0;1;;;??????;11-05-2017;MM;06-04-2017 15:44:01,227;;Thomas Lynderup;22984412;0;Ser.nr;;6007;;;;
;2;243577 /OUT;243722;97402544;CeramicSpeed;2;060417-P1-TTL;;4;243577 /OUT;Incl. M-Pind CES0103;0;0;1;0;1;;243722;4;Incl. M-Pind CES0103;11-05-2017 00:00:00;11-05-2017 00:00:00;0;0;11-05-2017;2;0;1;;;??????;11-05-2017;MM;06-04-2017 15:44:01,227;;Thomas Lynderup;22984412;0;Ser.nr;;6008;;;;
;2;243577 /OUT;243722;97402544;CeramicSpeed;2;060417-P1-TTL;;4;243577 /OUT;Deres varenr:  CES0101;0;0;1;0;1;;243722;5;Deres varenr:  CES0101;11-05-2017 00:00:00;11-05-2017 00:00:00;0;0;11-05-2017;2;0;1;;;??????;11-05-2017;MM;06-04-2017 15:44:01,227;;Thomas Lynderup;22984412;0;Ser.nr;;6009;;;;
;1;TV250596;243724;96702400;KPK Døre & Vinduer A/S;2;;;1;TV250596;8 Kav værktøj til hjørnevinkel;67700;0;1;0;1;1012;243724;1;8 Kav værktøj til hjørnevinkel;15-05-2017 00:00:00;15-05-2017 00:00:00;67700;67700;15-05-2017;1;0;1;;;??????;15-05-2017;MM;07-04-2017 08:39:10,292;;Bjørn Jensen;;0;Ser.nr;;6020;;;;
;1;TV250596;243724;96702400;KPK Døre & Vinduer A/S;2;;;4;TV250596; 8 kav værktøj i dv vario;0;0;1;0;1;;243724;2; 8 kav værktøj i dv vario;15-05-2017 00:00:00;15-05-2017 00:00:00;0;0;15-05-2017;1;0;1;;;??????;15-05-2017;MM;07-04-2017 08:39:10,292;;Bjørn Jensen;;0;Ser.nr;;6021;;;;
;1;T250597;243726;87501400;Grundfos  A/S;2;4510028937;;1;T250597;70057398;50517;0;4;0;4;1012;243726;1;70057398;07-04-2017 00:00:00;07-04-2017 00:00:00;50517;202068;07-04-2017;1;0;1;;;??????;07-04-2017;MM;07-04-2017 10:21:45,94;;OMO - Ole Mogensen;;0;Ser.nr;;6026;;;;
;1;T250597;243726;87501400;Grundfos  A/S;2;4510028937;;4;T250597;Move-Plast - Guide Block;0;0;1;0;1;;243726;2;Move-Plast - Guide Block;07-04-2017 00:00:00;07-04-2017 00:00:00;0;0;07-04-2017;1;0;1;;;??????;07-04-2017;MM;07-04-2017 10:21:45,94;;OMO - Ole Mogensen;;0;Ser.nr;;6027;;;;
;2;T250599;243726;87501400;Grundfos  A/S;2;4510028937;;1;T250599;70057409;50517;0;1;0;1;1012;243726;3;70057409;07-04-2017 00:00:00;07-04-2017 00:00:00;50517;50517;07-04-2017;2;0;1;;;??????;07-04-2017;MM;07-04-2017 10:21:45,94;;OMO - Ole Mogensen;;0;Ser.nr;;6028;;;;
;2;T250599;243726;87501400;Grundfos  A/S;2;4510028937;;4;T250599;Slide.2 - LSR - Support;0;0;1;0;1;;243726;4;Slide.2 - LSR - Support;07-04-2017 00:00:00;07-04-2017 00:00:00;0;0;07-04-2017;2;0;1;;;??????;07-04-2017;MM;07-04-2017 10:21:45,94;;OMO - Ole Mogensen;;0;Ser.nr;;6029;;;;
;3;T250601;243726;87501400;Grundfos  A/S;2;4510028937;;1;T250601;70057086;50517;0;1;0;1;1012;243726;5;70057086;07-04-2017 00:00:00;07-04-2017 00:00:00;50517;50517;07-04-2017;3;0;1;;;??????;07-04-2017;MM;07-04-2017 10:21:45,94;;OMO - Ole Mogensen;;0;Ser.nr;;6030;;;;
;3;T250601;243726;87501400;Grundfos  A/S;2;4510028937;;4;T250601;Slide.1 - Plast - Support;0;0;1;0;1;;243726;6;Slide.1 - Plast - Support;07-04-2017 00:00:00;07-04-2017 00:00:00;0;0;07-04-2017;3;0;1;;;??????;07-04-2017;MM;07-04-2017 10:21:45,94;;OMO - Ole Mogensen;;0;Ser.nr;;6031;;;;
;4;T250605;243726;87501400;Grundfos  A/S;2;4510028937;;1;T250605;70057306;50517;0;1;0;1;1012;243726;7;70057306;07-04-2017 00:00:00;07-04-2017 00:00:00;50517;50517;07-04-2017;4;0;1;;;??????;07-04-2017;MM;07-04-2017 10:21:45,94;;OMO - Ole Mogensen;;0;Ser.nr;;6032;;;;
;4;T250605;243726;87501400;Grundfos  A/S;2;4510028937;;4;T250605;Slide.2 - Plast - Support;0;0;1;0;1;;243726;8;Slide.2 - Plast - Support;07-04-2017 00:00:00;07-04-2017 00:00:00;0;0;07-04-2017;4;0;1;;;??????;07-04-2017;MM;07-04-2017 10:21:45,94;;OMO - Ole Mogensen;;0;Ser.nr;;6033;;;;
;5;T250607;243726;87501400;Grundfos  A/S;2;4510028937;;1;T250607;70057408;50517;0;1;0;1;1012;243726;9;70057408;07-04-2017 00:00:00;07-04-2017 00:00:00;50517;50517;07-04-2017;5;0;1;;;??????;07-04-2017;MM;07-04-2017 10:21:45,94;;OMO - Ole Mogensen;;0;Ser.nr;;6034;;;;
;5;T250607;243726;87501400;Grundfos  A/S;2;4510028937;;4;T250607;Slide.1 - LSR - Support;0;0;1;0;1;;243726;10;Slide.1 - LSR - Support;07-04-2017 00:00:00;07-04-2017 00:00:00;0;0;07-04-2017;5;0;1;;;??????;07-04-2017;MM;07-04-2017 10:21:45,94;;OMO - Ole Mogensen;;0;Ser.nr;;6035;;;;
;1;T250608;243727;97710044;Bila A/S;2;217040 ;;1;T250608;0101603-99-0115;600;0;2;0;2;1007;243727;1;0101603-99-0115;18-04-2017 00:00:00;18-04-2017 00:00:00;600;1200;18-04-2017;1;0;1;;;??????;18-04-2017;MM;07-04-2017 14:18:38,359;;Thomas Kyndi Christensen;;0;Ser.nr;;6036;;;;
;2;T250610;243727;97710044;Bila A/S;2;217040 ;;1;T250610;0101603-99-0118;1200;0;1;0;1;1007;243727;2;0101603-99-0118;18-04-2017 00:00:00;18-04-2017 00:00:00;1200;1200;18-04-2017;2;0;1;;;??????;18-04-2017;MM;07-04-2017 14:18:38,359;;Thomas Kyndi Christensen;;0;Ser.nr;;6037;;;;
;3;T250489;243727;97710044;Bila A/S;2;217040 ;;1;T250489;0101603-99-0119;400;0;3;0;3;1007;243727;3;0101603-99-0119;18-04-2017 00:00:00;18-04-2017 00:00:00;400;1200;18-04-2017;3;0;1;;;??????;18-04-2017;MM;07-04-2017 14:18:38,359;;Thomas Kyndi Christensen;;0;Ser.nr;;6038;;;;
;4;T250612;243727;97710044;Bila A/S;2;217040 ;;1;T250612;0101603-99-0164;400;0;3;0;3;1007;243727;4;0101603-99-0164;18-04-2017 00:00:00;18-04-2017 00:00:00;400;1200;18-04-2017;4;0;1;;;??????;18-04-2017;MM;07-04-2017 14:18:38,359;;Thomas Kyndi Christensen;;0;Ser.nr;;6039;;;;
;5;T250614;243727;97710044;Bila A/S;2;217040 ;;1;T250614;0171535-99-0001;1200;0;1;0;1;1007;243727;5;0171535-99-0001;18-04-2017 00:00:00;18-04-2017 00:00:00;1200;1200;18-04-2017;5;0;1;;;??????;18-04-2017;MM;07-04-2017 14:18:38,359;;Thomas Kyndi Christensen;;0;Ser.nr;;6040;;;;
;5;;243727;97710044;Bila A/S;2;217040 ;;4;;;0;0;1;0;1;;243727;6;;18-04-2017 00:00:00;18-04-2017 00:00:00;0;0;18-04-2017;5;0;1;;;??????;18-04-2017;MM;07-04-2017 14:18:38,359;;Thomas Kyndi Christensen;;0;Ser.nr;;6041;;;;
;5;;243727;97710044;Bila A/S;2;217040 ;;4;;Intern note:;0;0;1;0;1;;243727;7;Intern note:;18-04-2017 00:00:00;18-04-2017 00:00:00;0;0;18-04-2017;5;0;1;;;??????;18-04-2017;MM;07-04-2017 14:18:38,359;;Thomas Kyndi Christensen;;0;Ser.nr;;6042;;;;
;5;;243727;97710044;Bila A/S;2;217040 ;;4;;Estimat: 12 timer;0;0;1;0;1;;243727;8;Estimat: 12 timer;18-04-2017 00:00:00;18-04-2017 00:00:00;0;0;18-04-2017;5;0;1;;;??????;18-04-2017;MM;07-04-2017 14:18:38,359;;Thomas Kyndi Christensen;;0;Ser.nr;;6043;;;;
;1;S250615;243728;87501400;Grundfos  A/S;2;4510032096;;1;S250615;Renovering af 70096288;0;0;1;0;1;1011;243728;1;Renovering af 70096288;21-04-2017 00:00:00;21-04-2017 00:00:00;0;0;21-04-2017;1;0;1;;;??????;21-04-2017;MM;10-04-2017 10:44:57,691;;PHK - Kennteh Hellman Pedersen;;0;Ser.nr;;6050;;;;
;1;T250616;243729;87501400;Grundfos  A/S;2;4510034454;;1;T250616;Renovering af 70062809;0;0;1;0;1;1012;243729;1;Renovering af 70062809;12-04-2017 00:00:00;12-04-2017 00:00:00;0;0;12-04-2017;1;0;1;;;??????;12-04-2017;MM;10-04-2017 15:21:53,597;;PHK - Kennteh Hellman Pedersen;;0;Ser.nr;;6052;;;;
;2;T250618;243729;87501400;Grundfos  A/S;2;4510034454;;1;T250618;Renovering af 70211638;0;0;1;0;1;1012;243729;2;Renovering af 70211638;12-04-2017 00:00:00;12-04-2017 00:00:00;0;0;12-04-2017;2;0;1;;;??????;12-04-2017;MM;10-04-2017 15:21:53,597;;PHK - Kennteh Hellman Pedersen;;0;Ser.nr;;6053;;;;
;3;T250619;243729;87501400;Grundfos  A/S;2;4510034454;;1;T250619;Ændring af 70012887;0;0;2;0;2;1012;243729;3;Ændring af 70012887;19-04-2017 00:00:00;19-04-2017 00:00:00;0;0;19-04-2017;3;0;1;;;??????;19-04-2017;MM;10-04-2017 15:21:53,597;;PHK - Kennteh Hellman Pedersen;;0;Ser.nr;;6054;;;;
;4;T250621;243729;87501400;Grundfos  A/S;2;4510034454;;1;T250621;Gravering af v7105043;0;0;8;0;8;1012;243729;4;Gravering af v7105043;20-04-2017 00:00:00;20-04-2017 00:00:00;0;0;20-04-2017;4;0;1;;;??????;20-04-2017;MM;10-04-2017 15:21:53,597;;PHK - Kennteh Hellman Pedersen;;0;Ser.nr;;6055;;;;
;1;T250623;243730;96702400;KPK Døre & Vinduer A/S;2;;;1;T250623;Ændring af test vkt for hjørneklips;6000;0;1;0;1;1012;243730;1;Ændring af test vkt for hjørneklips;19-04-2017 00:00:00;19-04-2017 00:00:00;6000;6000;19-04-2017;1;0;1;;;??????;19-04-2017;MM;11-04-2017 07:45:44,896;;Bjørn Jensen;;0;Ser.nr;;6059;;;;
;1;T250623;243730;96702400;KPK Døre & Vinduer A/S;2;;;4;T250623;Stærkere modhager;0;0;1;0;1;;243730;2;Stærkere modhager;19-04-2017 00:00:00;19-04-2017 00:00:00;0;0;19-04-2017;1;0;1;;;??????;19-04-2017;MM;11-04-2017 07:45:44,896;;Bjørn Jensen;;0;Ser.nr;;6060;;;;
;1;T250624;243731;87501400;Grundfos  A/S;2;4510037638;;1;T250624;Ændring af 70056797;0;0;1;0;1;1012;243731;1;Ændring af 70056797;11-05-2017 00:00:00;11-05-2017 00:00:00;0;0;11-05-2017;1;0;1;;;??????;11-05-2017;MM;12-04-2017 07:10:46,116;;PPE;;0;Ser.nr;;6071;;;;
;1;US 506685;243732;87501400;Grundfos  A/S;2;4510041014;;1;US 506685;Service af US 506685;0;0;1;0;1;1011;243732;1;Service af US 506685;04-05-2017 00:00:00;04-05-2017 00:00:00;0;0;04-05-2017;1;0;1;;;??????;04-05-2017;MM;12-04-2017 11:22:20,078;;JYJ - Johnny Jensen;;0;Ser.nr;;6073;;;;
;2;US.500851;243732;87501400;Grundfos  A/S;2;4510041014;;1;US.500851;Service af us.500851;0;0;1;0;1;1011;243732;2;Service af us.500851;11-06-2017 00:00:00;11-06-2017 00:00:00;0;0;11-06-2017;2;0;1;;;??????;11-06-2017;MM;12-04-2017 11:22:20,078;;JYJ - Johnny Jensen;;0;Ser.nr;;6074;;;;
;1;211157;P250338;89304383;Marel Food Systems;2;135117;;1;211157;Gripper jaw Plastic;43;0;60;0;60;1013;P250338;1;Gripper jaw Plastic;26-04-2017 00:00:00;26-04-2017 00:00:00;43;2580;26-04-2017;1;0;1;;;??????;26-04-2017;MM;15-03-2017 13:09:30,865;;Lene B.Toft;;0;Ser.nr;;5551;;;;
;1;211157;P250338;89304383;Marel Food Systems;2;135117;;4;211157;Råvare lot:;0;0;1;0;1;;P250338;2;Råvare lot:;26-04-2017 00:00:00;26-04-2017 00:00:00;0;0;26-04-2017;1;0;1;;;??????;26-04-2017;MM;15-03-2017 13:09:30,865;;Lene B.Toft;;0;Ser.nr;;5552;;;;
;1;211157;P250338;89304383;Marel Food Systems;2;135117;;4;211157;Masterbatch lot:;0;0;1;0;1;;P250338;3;Masterbatch lot:;26-04-2017 00:00:00;26-04-2017 00:00:00;0;0;26-04-2017;1;0;1;;;??????;26-04-2017;MM;15-03-2017 13:09:30,865;;Lene B.Toft;;0;Ser.nr;;5553;;;;
;1;211157;P250338;89304383;Marel Food Systems;2;135117;;4;211157;Deres varenr:  0117-105-20030;0;0;1;0;1;;P250338;4;Deres varenr:  0117-105-20030;26-04-2017 00:00:00;26-04-2017 00:00:00;0;0;26-04-2017;1;0;1;;;??????;26-04-2017;MM;15-03-2017 13:09:30,865;;Lene B.Toft;;0;Ser.nr;;5554;;;;
;1;;P250343;76261100;BHE A/S;2;128467-1;;4;;Plastemner til 500 stk. Vesucta brystpumper;0;0;1;0;1;;P250343;1;Plastemner til 500 stk. Vesucta brystpumper;02-05-2017 00:00:00;02-05-2017 00:00:00;0;0;02-05-2017;1;0;1;;;??????;02-05-2017;MM;17-03-2017 13:11:15,33;;Kurt Kristensen;+45 7626 1163;0;Ser.nr;;5603;;;;
;1;;P250343;76261100;BHE A/S;2;128467-1;;4;;;0;0;1;0;1;;P250343;2;;02-05-2017 00:00:00;02-05-2017 00:00:00;0;0;02-05-2017;1;0;1;;;??????;02-05-2017;MM;17-03-2017 13:11:15,33;;Kurt Kristensen;+45 7626 1163;0;Ser.nr;;5604;;;;
;1;242234_01;P250343;76261100;BHE A/S;2;128467-1;;1;242234_01;Upper shell hospital;23,56;0;500;0;500;1013;P250343;3;Upper shell hospital;02-05-2017 00:00:00;02-05-2017 00:00:00;23,56;11780;02-05-2017;1;0;1;;;??????;02-05-2017;MM;17-03-2017 13:11:15,33;;Kurt Kristensen;+45 7626 1163;0;Ser.nr;;5605;;;;
;1;242234_01;P250343;76261100;BHE A/S;2;128467-1;;4;242234_01;Deres varenr:  670.18000.1W.V080;0;0;1;0;1;;P250343;4;Deres varenr:  670.18000.1W.V080;02-05-2017 00:00:00;02-05-2017 00:00:00;0;0;02-05-2017;1;0;1;;;??????;02-05-2017;MM;17-03-2017 13:11:15,33;;Kurt Kristensen;+45 7626 1163;0;Ser.nr;;5606;;;;
;1;242234_01;P250343;76261100;BHE A/S;2;128467-1;;4;242234_01;OBS.:;0;0;1;0;1;;P250343;5;OBS.:;02-05-2017 00:00:00;02-05-2017 00:00:00;0;0;02-05-2017;1;0;1;;;??????;02-05-2017;MM;17-03-2017 13:11:15,33;;Kurt Kristensen;+45 7626 1163;0;Ser.nr;;5623;;;;
;1;242234_01;P250343;76261100;BHE A/S;2;128467-1;;4;242234_01;670.18000.1W.V080 skal sendes direkte til Metalwo i Hasselager;0;0;1;0;1;;P250343;6;670.18000.1W.V080 skal sendes direkte til Metalwo i Hasselager;02-05-2017 00:00:00;02-05-2017 00:00:00;0;0;02-05-2017;1;0;1;;;??????;02-05-2017;MM;17-03-2017 13:11:15,33;;Kurt Kristensen;+45 7626 1163;0;Ser.nr;;5624;;;;
;1;242234_01;P250343;76261100;BHE A/S;2;128467-1;;4;242234_01;Metyalwo A/S;0;0;1;0;1;;P250343;7;Metyalwo A/S;02-05-2017 00:00:00;02-05-2017 00:00:00;0;0;02-05-2017;1;0;1;;;??????;02-05-2017;MM;17-03-2017 13:11:15,33;;Kurt Kristensen;+45 7626 1163;0;Ser.nr;;5626;;;;
;1;242234_01;P250343;76261100;BHE A/S;2;128467-1;;4;242234_01;Birkemosevej 6;0;0;1;0;1;;P250343;8;Birkemosevej 6;02-05-2017 00:00:00;02-05-2017 00:00:00;0;0;02-05-2017;1;0;1;;;??????;02-05-2017;MM;17-03-2017 13:11:15,33;;Kurt Kristensen;+45 7626 1163;0;Ser.nr;;5627;;;;
;1;242234_01;P250343;76261100;BHE A/S;2;128467-1;;4;242234_01;8361 Hasselager;0;0;1;0;1;;P250343;9;8361 Hasselager;02-05-2017 00:00:00;02-05-2017 00:00:00;0;0;02-05-2017;1;0;1;;;??????;02-05-2017;MM;17-03-2017 13:11:15,33;;Kurt Kristensen;+45 7626 1163;0;Ser.nr;;5628;;;;
;2;242234_02;P250343;76261100;BHE A/S;2;128467-1;;1;242234_02;Lower shell hospital;24,56;0;500;0;500;1013;P250343;10;Lower shell hospital;02-05-2017 00:00:00;02-05-2017 00:00:00;24,56;12280;02-05-2017;2;0;1;;;??????;02-05-2017;MM;17-03-2017 13:11:15,33;;Kurt Kristensen;+45 7626 1163;0;Ser.nr;;5607;;;;
;2;242234_02;P250343;76261100;BHE A/S;2;128467-1;;4;242234_02;Deres varenr:  670.18001.1W.V080;0;0;1;0;1;;P250343;11;Deres varenr:  670.18001.1W.V080;02-05-2017 00:00:00;02-05-2017 00:00:00;0;0;02-05-2017;2;0;1;;;??????;02-05-2017;MM;17-03-2017 13:11:15,33;;Kurt Kristensen;+45 7626 1163;0;Ser.nr;;5608;;;;
;3;242234_06;P250343;76261100;BHE A/S;2;128467-1;;1;242234_06;Pump housing;4,78;0;1000;0;1000;1013;P250343;12;Pump housing;02-05-2017 00:00:00;02-05-2017 00:00:00;4,78;4780;02-05-2017;3;0;1;;;??????;02-05-2017;MM;17-03-2017 13:11:15,33;;Kurt Kristensen;+45 7626 1163;0;Ser.nr;;5609;;;;
;3;242234_06;P250343;76261100;BHE A/S;2;128467-1;;4;242234_06;Deres varenr:  670.18002.1W.V080;0;0;1;0;1;;P250343;13;Deres varenr:  670.18002.1W.V080;02-05-2017 00:00:00;02-05-2017 00:00:00;0;0;02-05-2017;3;0;1;;;??????;02-05-2017;MM;17-03-2017 13:11:15,33;;Kurt Kristensen;+45 7626 1163;0;Ser.nr;;5610;;;;
;4;242234_10;P250343;76261100;BHE A/S;2;128467-1;;1;242234_10;Cap for spindle;3,75;0;1000;0;1000;1013;P250343;14;Cap for spindle;02-05-2017 00:00:00;02-05-2017 00:00:00;3,75;3750;02-05-2017;4;0;1;;;??????;02-05-2017;MM;17-03-2017 13:11:15,33;;Kurt Kristensen;+45 7626 1163;0;Ser.nr;;5611;;;;
;4;242234_10;P250343;76261100;BHE A/S;2;128467-1;;4;242234_10;Deres varenr:  670.18003.1W.V080;0;0;1;0;1;;P250343;15;Deres varenr:  670.18003.1W.V080;02-05-2017 00:00:00;02-05-2017 00:00:00;0;0;02-05-2017;4;0;1;;;??????;02-05-2017;MM;17-03-2017 13:11:15,33;;Kurt Kristensen;+45 7626 1163;0;Ser.nr;;5612;;;;
;5;242234_07;P250343;76261100;BHE A/S;2;128467-1;;1;242234_07;Bottle connector;11,49;0;1000;0;1000;1013;P250343;16;Bottle connector;02-05-2017 00:00:00;02-05-2017 00:00:00;11,49;11490;02-05-2017;5;0;1;;;??????;02-05-2017;MM;17-03-2017 13:11:15,33;;Kurt Kristensen;+45 7626 1163;0;Ser.nr;;5613;;;;
;5;242234_07;P250343;76261100;BHE A/S;2;128467-1;;4;242234_07;Deres varenr:  670.18003.3W.V080;0;0;1;0;1;;P250343;17;Deres varenr:  670.18003.3W.V080;02-05-2017 00:00:00;02-05-2017 00:00:00;0;0;02-05-2017;5;0;1;;;??????;02-05-2017;MM;17-03-2017 13:11:15,33;;Kurt Kristensen;+45 7626 1163;0;Ser.nr;;5614;;;;
;6;242234_09;P250343;76261100;BHE A/S;2;128467-1;;1;242234_09;Vibration reducer;0,72;0;7300;0;7300;1013;P250343;18;Vibration reducer;02-05-2017 00:00:00;02-05-2017 00:00:00;0,72;5256;02-05-2017;6;0;1;;;??????;02-05-2017;MM;17-03-2017 13:11:15,33;;Kurt Kristensen;+45 7626 1163;0;Ser.nr;;5615;;;;
;6;242234_09;P250343;76261100;BHE A/S;2;128467-1;;4;242234_09;Deres varenr:  670.18004.1W.V080;0;0;1;0;1;;P250343;19;Deres varenr:  670.18004.1W.V080;02-05-2017 00:00:00;02-05-2017 00:00:00;0;0;02-05-2017;6;0;1;;;??????;02-05-2017;MM;17-03-2017 13:11:15,33;;Kurt Kristensen;+45 7626 1163;0;Ser.nr;;5616;;;;
;7;242234_08;P250343;76261100;BHE A/S;2;128467-1;;1;242234_08;Rubber foot;3,04;0;1000;0;1000;1013;P250343;20;Rubber foot;02-05-2017 00:00:00;02-05-2017 00:00:00;3,04;3040;02-05-2017;7;0;1;;;??????;02-05-2017;MM;17-03-2017 13:11:15,33;;Kurt Kristensen;+45 7626 1163;0;Ser.nr;;5617;;;;
;7;242234_08;P250343;76261100;BHE A/S;2;128467-1;;4;242234_08;Deres varenr:  670.18005.0W.V080;0;0;1;0;1;;P250343;21;Deres varenr:  670.18005.0W.V080;02-05-2017 00:00:00;02-05-2017 00:00:00;0;0;02-05-2017;7;0;1;;;??????;02-05-2017;MM;17-03-2017 13:11:15,33;;Kurt Kristensen;+45 7626 1163;0;Ser.nr;;5618;;;;
;8;242234_05;P250343;76261100;BHE A/S;2;128467-1;;1;242234_05;Lens for display;3,9;0;1000;0;1000;1013;P250343;22;Lens for display;02-05-2017 00:00:00;02-05-2017 00:00:00;3,9;3900;02-05-2017;8;0;1;;;??????;02-05-2017;MM;17-03-2017 13:11:15,33;;Kurt Kristensen;+45 7626 1163;0;Ser.nr;;5619;;;;
;8;242234_05;P250343;76261100;BHE A/S;2;128467-1;;4;242234_05;Deres varenr:  670.18008.0W.V080;0;0;1;0;1;;P250343;23;Deres varenr:  670.18008.0W.V080;02-05-2017 00:00:00;02-05-2017 00:00:00;0;0;02-05-2017;8;0;1;;;??????;02-05-2017;MM;17-03-2017 13:11:15,33;;Kurt Kristensen;+45 7626 1163;0;Ser.nr;;5620;;;;
;9;FU040;P250343;76261100;BHE A/S;2;128467-1;;1;FU040;Fragt m. Interfjord;0;0;1;0;1;2029;P250343;24;Fragt m. Interfjord;02-05-2017 00:00:00;02-05-2017 00:00:00;0;0;02-05-2017;9;0;1;;;??????;02-05-2017;MM;17-03-2017 13:11:15,33;;Kurt Kristensen;+45 7626 1163;0;Ser.nr;;5621;;;;
;1;243561;P250356;42125821;Medicom Innovation Partner A/S;2;10905-1;;1;243561;Bottom shell;12,5;0;200;0;200;1013;P250356;1;Bottom shell;14-04-2017 00:00:00;14-04-2017 00:00:00;12,5;2500;14-04-2017;1;0;1;;;??????;14-04-2017;JB;31-03-2017 11:51:08,348;;Gitte Holmgaard Dale;;0;Ser.nr;;5900;;;;
;1;243561;P250356;42125821;Medicom Innovation Partner A/S;2;10905-1;;4;243561;Deres varenr:  13131328;0;0;1;0;1;;P250356;2;Deres varenr:  13131328;14-04-2017 00:00:00;14-04-2017 00:00:00;0;0;14-04-2017;1;0;1;;;??????;14-04-2017;JB;31-03-2017 11:51:08,348;;Gitte Holmgaard Dale;;0;Ser.nr;;5901;;;;
;1;243566;P250358;42125821;Medicom Innovation Partner A/S;2;10917-1;;1;243566;Reusable upper shell;12,5;0;200;0;200;1013;P250358;1;Reusable upper shell;12-04-2017 00:00:00;12-04-2017 00:00:00;12,5;2500;12-04-2017;1;0;1;;;??????;12-04-2017;JB;04-04-2017 10:47:09,021;;Gitte Holmgaard Dale;;0;Ser.nr;;5950;;;;
;1;243566;P250358;42125821;Medicom Innovation Partner A/S;2;10917-1;;4;243566;Deres varenr:  13131333;0;0;1;0;1;;P250358;2;Deres varenr:  13131333;12-04-2017 00:00:00;12-04-2017 00:00:00;0;0;12-04-2017;1;0;1;;;??????;12-04-2017;JB;04-04-2017 10:47:09,021;;Gitte Holmgaard Dale;;0;Ser.nr;;5951;;;;
;1;210504 /3;P250363;40711;Frekhaug Vinduet AS;2;4004279;;1;210504 /3;Profilclips 3 mm hvid;0,09;0;60000;0;60000;1014;P250363;1;Profilclips 3 mm hvid;05-05-2017 00:00:00;05-05-2017 00:00:00;0,09;5400;05-05-2017;1;0;1;;;??????;05-05-2017;MM;06-04-2017 16:24:18,525;;Siri Leganger Hansen;;0;Ser.nr;;6014;;;;
;1;210504 /3;P250363;40711;Frekhaug Vinduet AS;2;4004279;;4;210504 /3;Deres varenr:  80-1003;0;0;1;0;1;;P250363;2;Deres varenr:  80-1003;05-05-2017 00:00:00;05-05-2017 00:00:00;0;0;05-05-2017;1;0;1;;;??????;05-05-2017;MM;06-04-2017 16:24:18,525;;Siri Leganger Hansen;;0;Ser.nr;;6015;;;;
;2;210495 /L;P250363;40711;Frekhaug Vinduet AS;2;4004279;;1;210495 /L;Glaslisteklods, lav t/side, 2 og 3 ;0,1;0;4000;0;4000;1014;P250363;3;Glaslisteklods, lav t/side, 2 og 3 ;05-05-2017 00:00:00;05-05-2017 00:00:00;0,1;400;05-05-2017;2;0;1;;;??????;05-05-2017;MM;06-04-2017 16:24:18,525;;Siri Leganger Hansen;;0;Ser.nr;;6016;;;;
;2;210495 /L;P250363;40711;Frekhaug Vinduet AS;2;4004279;;4;210495 /L;Deres varenr:  80-1010;0;0;1;0;1;;P250363;4;Deres varenr:  80-1010;05-05-2017 00:00:00;05-05-2017 00:00:00;0;0;05-05-2017;2;0;1;;;??????;05-05-2017;MM;06-04-2017 16:24:18,525;;Siri Leganger Hansen;;0;Ser.nr;;6017;;;;
;3;210495 /H;P250363;40711;Frekhaug Vinduet AS;2;4004279;;1;210495 /H;Glaslisteklods høj t/bund og 3 lags;0,2;0;900;0;900;1014;P250363;5;Glaslisteklods høj t/bund og 3 lags;05-05-2017 00:00:00;05-05-2017 00:00:00;0,2;180;05-05-2017;3;0;1;;;??????;05-05-2017;MM;06-04-2017 16:24:18,525;;Siri Leganger Hansen;;0;Ser.nr;;6018;;;;
;3;210495 /H;P250363;40711;Frekhaug Vinduet AS;2;4004279;;4;210495 /H;Deres varenr:  80-2020;0;0;1;0;1;;P250363;6;Deres varenr:  80-2020;05-05-2017 00:00:00;05-05-2017 00:00:00;0;0;05-05-2017;3;0;1;;;??????;05-05-2017;MM;06-04-2017 16:24:18,525;;Siri Leganger Hansen;;0;Ser.nr;;6019;;;;
;1;243331 - TEST;P250364;98632444;Outline Vinduer A/S;2;66057;;1;243331 - TEST;Glaslisteklods til top/side 149716;0,21;0;39000;0;39000;1013;P250364;1;Glaslisteklods til top/side 149716;01-05-2017 00:00:00;01-05-2017 00:00:00;0,21;8190;01-05-2017;1;0;1;;;??????;01-05-2017;JB;10-04-2017 14:51:44,297;;Torben Worup;96979731;0;Ser.nr;;6022;;;;
;1;243331 - TEST;P250364;98632444;Outline Vinduer A/S;2;66057;;4;243331 - TEST;Deres varenr:  243124/2;0;0;1;0;1;;P250364;2;Deres varenr:  243124/2;01-05-2017 00:00:00;01-05-2017 00:00:00;0;0;01-05-2017;1;0;1;;;??????;01-05-2017;JB;10-04-2017 14:51:44,297;;Torben Worup;96979731;0;Ser.nr;;6023;;;;
;2;243283 - TEST;P250364;98632444;Outline Vinduer A/S;2;66057;;1;243283 - TEST;Glaslisteklods til bund 148661;0,19;0;12000;0;12000;1013;P250364;3;Glaslisteklods til bund 148661;01-05-2017 00:00:00;01-05-2017 00:00:00;0,19;2280;01-05-2017;2;0;1;;;??????;01-05-2017;JB;10-04-2017 14:51:44,297;;Torben Worup;96979731;0;Ser.nr;;6024;;;;
;2;243283 - TEST;P250364;98632444;Outline Vinduer A/S;2;66057;;4;243283 - TEST;Deres varenr:  243283;0;0;1;0;1;;P250364;4;Deres varenr:  243283;01-05-2017 00:00:00;01-05-2017 00:00:00;0;0;01-05-2017;2;0;1;;;??????;01-05-2017;JB;10-04-2017 14:51:44,297;;Torben Worup;96979731;0;Ser.nr;;6025;;;;
;1;243618;P250366;42125821;Medicom Innovation Partner A/S;2;10879-1;;1;243618;End bracket;4;0;1000;0;1000;1013;P250366;1;End bracket;11-05-2017 00:00:00;11-05-2017 00:00:00;4;4000;11-05-2017;1;0;1;;;??????;11-05-2017;MM;10-04-2017 07:37:04,687;;Gitte Holmgaard Dale;;0;Ser.nr;;6046;;;;
;1;243618;P250366;42125821;Medicom Innovation Partner A/S;2;10879-1;;4;243618;Deres varenr:  12812302;0;0;1;0;1;;P250366;2;Deres varenr:  12812302;11-05-2017 00:00:00;11-05-2017 00:00:00;0;0;11-05-2017;1;0;1;;;??????;11-05-2017;MM;10-04-2017 07:37:04,687;;Gitte Holmgaard Dale;;0;Ser.nr;;6047;;;;
;1;242333_07;P250367;42125821;Medicom Innovation Partner A/S;2;10933-1;;1;242333_07;Skin contact;4;0;1000;0;1000;1013;P250367;1;Skin contact;21-04-2017 00:00:00;21-04-2017 00:00:00;4;4000;21-04-2017;1;0;1;;;??????;21-04-2017;MM;10-04-2017 10:01:20,493;;Gitte Holmgaard Dale;;0;Ser.nr;;6048;;;;
;1;242333_07;P250367;42125821;Medicom Innovation Partner A/S;2;10933-1;;4;242333_07;Deres varenr:  13132015;0;0;1;0;1;;P250367;2;Deres varenr:  13132015;21-04-2017 00:00:00;21-04-2017 00:00:00;0;0;21-04-2017;1;0;1;;;??????;21-04-2017;MM;10-04-2017 10:01:20,493;;Gitte Holmgaard Dale;;0;Ser.nr;;6049;;;;
;1;211355_1;P250370;96708226;Outrup Vinduer A/S;2;1122082-1;;1;211355_1;Monteringsklods type 1;0,2;0;24000;0;24000;1013;P250370;1;Monteringsklods type 1;24-04-2017 00:00:00;24-04-2017 00:00:00;0,2;4800;24-04-2017;1;0;1;;;??????;24-04-2017;MM;12-04-2017 07:05:55,601;;Lisbeth Rolighed Kristensen;;0;Ser.nr;;6063;;;;
;1;211355_1;P250370;96708226;Outrup Vinduer A/S;2;1122082-1;;4;211355_1;Deres varenr:  alu-17037;0;0;1;0;1;;P250370;2;Deres varenr:  alu-17037;24-04-2017 00:00:00;24-04-2017 00:00:00;0;0;24-04-2017;1;0;1;;;??????;24-04-2017;MM;12-04-2017 07:05:55,601;;Lisbeth Rolighed Kristensen;;0;Ser.nr;;6064;;;;
;2;240081 /T2;P250370;96708226;Outrup Vinduer A/S;2;1122082-1;;1;240081 /T2;Monteringsklods type 2;0,185;0;10000;0;10000;1013;P250370;3;Monteringsklods type 2;24-04-2017 00:00:00;24-04-2017 00:00:00;0,185;1850;24-04-2017;2;0;1;;;??????;24-04-2017;MM;12-04-2017 07:05:55,601;;Lisbeth Rolighed Kristensen;;0;Ser.nr;;6065;;;;
;2;240081 /T2;P250370;96708226;Outrup Vinduer A/S;2;1122082-1;;4;240081 /T2;Deres varenr:  alu-17039;0;0;1;0;1;;P250370;4;Deres varenr:  alu-17039;24-04-2017 00:00:00;24-04-2017 00:00:00;0;0;24-04-2017;2;0;1;;;??????;24-04-2017;MM;12-04-2017 07:05:55,601;;Lisbeth Rolighed Kristensen;;0;Ser.nr;;6066;;;;
;3;242606;P250370;96708226;Outrup Vinduer A/S;2;1122082-1;;1;242606;Monteringsclips-karm 15x8;0,09;0;30000;0;30000;1013;P250370;5;Monteringsclips-karm 15x8;24-04-2017 00:00:00;24-04-2017 00:00:00;0,09;2700;24-04-2017;3;0;1;;;??????;24-04-2017;MM;12-04-2017 07:05:55,601;;Lisbeth Rolighed Kristensen;;0;Ser.nr;;6067;;;;
;3;242606;P250370;96708226;Outrup Vinduer A/S;2;1122082-1;;4;242606;Deres varenr:  aluclips-15x8;0;0;1;0;1;;P250370;6;Deres varenr:  aluclips-15x8;24-04-2017 00:00:00;24-04-2017 00:00:00;0;0;24-04-2017;3;0;1;;;??????;24-04-2017;MM;12-04-2017 07:05:55,601;;Lisbeth Rolighed Kristensen;;0;Ser.nr;;6068;;;;
;4;211635_33;P250370;96708226;Outrup Vinduer A/S;2;1122082-1;;1;211635_33;Bæreklods 33x50 blå;0,34;0;6000;0;6000;1013;P250370;7;Bæreklods 33x50 blå;24-04-2017 00:00:00;24-04-2017 00:00:00;0,34;2040;24-04-2017;4;0;1;;;??????;24-04-2017;MM;12-04-2017 07:05:55,601;;Lisbeth Rolighed Kristensen;;0;Ser.nr;;6069;;;;
;4;211635_33;P250370;96708226;Outrup Vinduer A/S;2;1122082-1;;4;211635_33;Deres varenr:  bes-00000088;0;0;1;0;1;;P250370;8;Deres varenr:  bes-00000088;24-04-2017 00:00:00;24-04-2017 00:00:00;0;0;24-04-2017;4;0;1;;;??????;24-04-2017;MM;12-04-2017 07:05:55,601;;Lisbeth Rolighed Kristensen;;0;Ser.nr;;6070;;;;
;1;243594;P250371;96708226;Outrup Vinduer A/S;5;1122105-1;;1;243594;Monteringsclips indadgående;0,74;0;5000;500;4500;1013;P250371;1;Monteringsclips indadgående;19-04-2017 00:00:00;19-04-2017 00:00:00;0,74;3330;19-04-2017;1;0;1;;;??????;19-04-2017;MM;12-04-2017 10:43:49,396;;Torben Storgaard;;0;Ser.nr;;6072;;;;
